id;data_inversa;dia_semana;horario;br;km;municipio;causa_acidente;tipo_acidente;classificacao_acidente;fase_dia;sentido_via;condicao_metereologica;tipo_pista;tracado_via;uso_solo;pessoas;mortos;feridos_leves;feridos_graves;ilesos;ignorados;feridos;veiculos;latitude;longitude
106877.0;2018-01-28;domingo;17:00:00;101.0;265;SERRA;Falta de Atenção à Condução;Colisão traseira;Com Vítimas Feridas;Pleno dia;Decrescente;Céu Claro;Múltipla;Reta;Sim;4;0;1;0;2;1;1;3;-20.1215224;-40.3077898
106896.0;2018-01-28;domingo;19:20:00;101.0;312;VILA VELHA;Falta de Atenção à Condução;Colisão transversal;Com Vítimas Feridas;Anoitecer;Crescente;Céu Claro;Simples;Reta;Não;2;0;1;0;1;0;1;2;-20.44365661;-40.46031564
106991.0;2018-01-29;segunda-feira;07:40:00;101.0;269.9;SERRA;Não guardar distância de segurança;Colisão traseira;Com Vítimas Feridas;Pleno dia;Crescente;Sol;Dupla;Reta;Sim;3;0;2;0;1;0;2;2;-20.22462471;-40.27058747
107210.0;2018-01-29;segunda-feira;21:50:00;101.0;213;IBIRACU;Falta de Atenção à Condução;Colisão lateral;Com Vítimas Feridas;Plena Noite;Crescente;Céu Claro;Simples;Reta;Sim;2;0;1;0;1;0;1;2;-19.82393127;-40.36975086
107146.0;2018-01-29;segunda-feira;17:34:00;101.0;294;CARIACICA;Defeito Mecânico no Veículo;Incêndio;Sem Vítimas;Pleno dia;Decrescente;Céu Claro;Múltipla;Não Informado;Sim;1;0;0;0;1;0;0;1;-20.32464738;-40.39537132
107143.0;2018-01-29;segunda-feira;16:35:00;101.0;68;SAO MATEUS;Defeito Mecânico no Veículo;Colisão com objeto estático;Sem Vítimas;Pleno dia;Crescente;Céu Claro;Simples;Desvio Temporário;Sim;1;0;0;0;1;0;0;1;-18.7167;-39.8594
107100.0;2018-01-29;segunda-feira;14:50:00;259.0;7.9;JOAO NEIVA;Ingestão de Substâncias Psicoativas;Colisão lateral;Com Vítimas Feridas;Pleno dia;Crescente;Sol;Simples;Reta;Não;3;0;1;0;2;0;1;3;-19.6811139;-40.39060411
106995.0;2018-01-29;segunda-feira;07:20:00;101.0;111.8;VENDA NOVA DO IMIGRANTE;Falta de Atenção à Condução;Colisão traseira;Com Vítimas Feridas;Pleno dia;Decrescente;Céu Claro;Simples;Curva;Não;3;0;2;0;1;0;2;2;-20.33779636;-41.19818598
107324.0;2018-01-30;terça-feira;11:40:00;262.0;27.3;VIANA;Pista Escorregadia;Saída de leito carroçável;Sem Vítimas;Pleno dia;Decrescente;Chuva;Simples;Curva;Não;1;0;0;0;1;0;0;1;-20.38459844;-40.55530608
107267.0;2018-01-30;terça-feira;08:10:00;101.0;294;CARIACICA;Pista Escorregadia;Saída de leito carroçável;Com Vítimas Feridas;Pleno dia;Crescente;Garoa/Chuvisco;Dupla;Desvio Temporário;Não;1;0;0;1;0;0;1;1;-20.32586004;-40.39651394
107614.0;2018-01-31;quarta-feira;16:30:00;262.0;4;CARIACICA;Falta de Atenção à Condução;Colisão traseira;Com Vítimas Feridas;Pleno dia;Crescente;Chuva;Múltipla;Reta;Sim;2;0;1;0;0;1;1;2;-20.33624208;-40.37825614
107643.0;2018-01-31;quarta-feira;16:50:00;101.0;262;SERRA;Falta de Atenção à Condução;Colisão traseira;Com Vítimas Feridas;Pleno dia;Decrescente;Chuva;Dupla;Reta;Não;2;0;1;0;1;0;1;2;-20.15891195;-40.27632684
107675.0;2018-01-31;quarta-feira;19:30:00;101.0;258;SERRA;Não guardar distância de segurança;Colisão traseira;Com Vítimas Feridas;Plena Noite;Decrescente;Chuva;Dupla;Reta;Sim;3;0;1;0;2;0;1;2;-20.13246171;-40.29390067
107596.0;2018-01-31;quarta-feira;15:15:00;262.0;24.1;VIANA;Velocidade Incompatível;Saída de leito carroçável;Sem Vítimas;Pleno dia;Decrescente;Chuva;Simples;Não Informado;Não;4;0;0;0;4;0;0;1;-20.3798;-40.5398
107935.0;2018-02-01;quinta-feira;13:25:00;101.0;242.9;SERRA;Falta de Atenção à Condução;Colisão traseira;Sem Vítimas;Pleno dia;Decrescente;Nublado;Simples;Reta;Não;2;0;0;0;2;0;0;2;-20.03303188;-40.39618671
107952.0;2018-02-01;quinta-feira;22:30:00;262.0;2.5;CARIACICA;Defeito Mecânico no Veículo;Colisão traseira;Com Vítimas Feridas;Plena Noite;Crescente;Chuva;Dupla;Reta;Não;2;0;0;1;1;0;1;2;-20.33289975;-40.3646468
107913.0;2018-02-01;quinta-feira;19:40:00;101.0;184;ARACRUZ;Velocidade Incompatível;Saída de leito carroçável;Com Vítimas Feridas;Plena Noite;Decrescente;Chuva;Simples;Curva;Não;1;0;1;0;0;0;1;1;-19.820759;-40.273678
107906.0;2018-02-01;quinta-feira;19:15:00;101.0;290;CARIACICA;Pista Escorregadia;Capotamento;Sem Vítimas;Anoitecer;Crescente;Chuva;Dupla;Curva;Sim;1;0;0;0;1;0;0;1;-20.26437;-40.420345
107902.0;2018-02-01;quinta-feira;19:20:00;101.0;281.3;SERRA;Velocidade Incompatível;Colisão com objeto estático;Sem Vítimas;Plena Noite;Crescente;Chuva;Dupla;Reta;Sim;1;0;0;0;1;0;0;1;-20.21849655;-40.34497049
107780.0;2018-02-01;quinta-feira;08:30:00;101.0;269.7;SERRA;Desobediência às normas de trânsito pelo condutor;Colisão transversal;Com Vítimas Feridas;Pleno dia;Decrescente;Nublado;Múltipla;Interseção de vias;Sim;2;0;0;1;1;0;1;2;-20.22280814;-40.27035624
107878.0;2018-02-01;quinta-feira;14:35:00;101.0;20.8;PINHEIROS;Desobediência às normas de trânsito pelo condutor;Colisão frontal;Com Vítimas Fatais;Pleno dia;Crescente;Chuva;Simples;Não Informado;Não;2;1;0;0;1;0;0;2;-18.33254579;-39.9586695
107820.0;2018-02-01;quinta-feira;11:45:00;262.0;45.5;MARECHAL FLORIANO;Falta de Atenção à Condução;Colisão traseira;Com Vítimas Feridas;Pleno dia;Crescente;Chuva;Simples;Reta;Sim;2;0;1;0;1;0;1;2;-20.40284067;-40.67222357
107930.0;2018-02-01;quinta-feira;20:30:00;101.0;193;ARACRUZ;Defeito Mecânico no Veículo;Incêndio;Sem Vítimas;Plena Noite;Crescente;Chuva;Simples;Não Informado;Não;2;0;0;0;2;0;0;1;-19.820759;-40.273678
156625.0;2018-02-02;sexta-feira;02:30:00;262.0;2.3;CARIACICA;Falta de Atenção à Condução;Colisão lateral;Com Vítimas Feridas;Pleno dia;Decrescente;Céu Claro;Múltipla;Reta;Sim;2;0;0;1;1;0;1;2;-20.3326;-40.3608
108075.0;2018-02-02;sexta-feira;12:55:00;101.0;202.4;JOAO NEIVA;Falta de Atenção à Condução;Tombamento;Com Vítimas Feridas;Pleno dia;Decrescente;Chuva;Simples;Curva;Não;2;0;1;0;1;0;1;1;-19.74174264;-40.36522865
108007.0;2018-02-02;sexta-feira;07:35:00;101.0;283.5;CARIACICA;Defeito Mecânico no Veículo;Saída de leito carroçável;Com Vítimas Feridas;Pleno dia;Crescente;Nublado;Dupla;Reta;Sim;2;0;0;2;0;0;2;1;-20.23684155;-40.36992252
108094.0;2018-02-02;sexta-feira;14:50:00;101.0;402.6;ITAPEMIRIM;Falta de Atenção do Pedestre;Atropelamento de Pedestre;Com Vítimas Feridas;Pleno dia;Decrescente;Nublado;Simples;Curva;Não;4;0;0;1;2;1;1;1;-20.88932685;-40.99557459
108215.0;2018-02-02;sexta-feira;23:15:00;262.0;3.8;CARIACICA;Desobediência às normas de trânsito pelo condutor;Colisão transversal;Com Vítimas Feridas;Plena Noite;Crescente;Nublado;Múltipla;Interseção de vias;Sim;3;0;2;0;1;0;2;2;-20.33559854;-40.37633524
108178.0;2018-02-02;sexta-feira;20:30:00;101.0;374;ICONHA;Falta de Atenção à Condução;Colisão traseira;Com Vítimas Feridas;Plena Noite;Decrescente;Nublado;Simples;Reta;Não;2;0;0;1;1;0;1;2;-20.79354;-40.811462
108273.0;2018-02-03;sábado;07:30:00;262.0;107;VENDA NOVA DO IMIGRANTE;Ultrapassagem Indevida;Tombamento;Com Vítimas Feridas;Pleno dia;Decrescente;Nublado;Simples;Reta;Sim;1;0;1;0;0;0;1;1;-20.33033166;-41.15398586
108340.0;2018-02-03;sábado;13:00:00;101.0;118.4;SOORETAMA;Ingestão de Álcool;Tombamento;Com Vítimas Feridas;Pleno dia;Crescente;Nublado;Simples;Não Informado;Não;2;0;0;2;0;0;2;1;-19.197422;-40.098118
108398.0;2018-02-03;sábado;17:00:00;101.0;263.4;SERRA;Falta de Atenção à Condução;Queda de ocupante de veículo;Com Vítimas Feridas;Anoitecer;Decrescente;Chuva;Dupla;Reta;Sim;2;0;0;1;1;0;1;1;-20.17285544;-40.26743531
108449.0;2018-02-03;sábado;19:15:00;101.0;167.4;LINHARES;Falta de Atenção à Condução;Colisão traseira;Com Vítimas Feridas;Plena Noite;Decrescente;Garoa/Chuvisco;Simples;Reta;Sim;3;0;0;1;2;0;1;2;-19.52715777;-40.15212446
108245.0;2018-02-03;sábado;03:10:00;101.0;147.9;LINHARES;Falta de Atenção à Condução;Colisão transversal;Com Vítimas Feridas;Plena Noite;Crescente;Nublado;Múltipla;Interseção de vias;Sim;3;0;2;0;1;0;2;2;-19.39159;-40.072563
108774.0;2018-02-04;domingo;23:40:00;262.0;4.6;CARIACICA;Desobediência às normas de trânsito pelo condutor;Colisão transversal;Com Vítimas Feridas;Plena Noite;Crescente;Chuva;Dupla;Interseção de vias;Sim;4;0;2;0;2;0;2;2;-20.33785169;-40.3847149
108764.0;2018-02-04;domingo;23:00:00;262.0;24.5;VIANA;Objeto estático sobre o leito carroçável;Colisão com objeto estático;Com Vítimas Feridas;Plena Noite;Decrescente;Chuva;Simples;Reta;Não;2;0;2;0;0;0;2;1;-20.37791545;-40.52841693
108735.0;2018-02-04;domingo;17:30:00;101.0;0.8;PEDRO CANARIO;Falta de Atenção à Condução;Colisão com objeto estático;Sem Vítimas;Pleno dia;Decrescente;Chuva;Múltipla;Reta;Não;1;0;0;0;1;0;0;1;-18.184666;-39.922123
108687.0;2018-02-04;domingo;16:28:00;262.0;1.5;CARIACICA;Falta de Atenção à Condução;Colisão lateral;Com Vítimas Feridas;Pleno dia;Crescente;Chuva;Simples;Reta;Sim;3;0;2;0;1;0;2;2;-20.33059908;-40.35789867
108674.0;2018-02-04;domingo;16:30:00;262.0;141;IBATIBA;Pista Escorregadia;Capotamento;Sem Vítimas;Pleno dia;Decrescente;Chuva;Simples;Curva;Não;1;0;0;0;1;0;0;1;-20.22942232;-41.37760783
108614.0;2018-02-04;domingo;10:50:00;101.0;293.9;CARIACICA;Falta de Atenção à Condução;Tombamento;Com Vítimas Feridas;Pleno dia;Crescente;Chuva;Dupla;Curva;Sim;1;0;1;0;0;0;1;1;-20.32476811;-40.39574146
108526.0;2018-02-04;domingo;01:30:00;101.0;210.4;IBIRACU;Avarias e/ou desgaste excessivo no pneu;Saída de leito carroçável;Com Vítimas Feridas;Plena Noite;Crescente;Chuva;Simples;Curva;Não;1;0;0;1;0;0;1;1;-19.79697157;-40.37072986
108519.0;2018-02-04;domingo;00:05:00;101.0;0.2;SERRA;Falta de Atenção à Condução;Colisão traseira;Com Vítimas Feridas;Plena Noite;Decrescente;Céu Claro;Dupla;Interseção de vias;Sim;2;0;2;0;0;0;2;2;-20.23608152;-40.27685967
108751.0;2018-02-04;domingo;22:00:00;262.0;17.1;VIANA;Falta de Atenção à Condução;Colisão transversal;Com Vítimas Feridas;Plena Noite;Decrescente;Chuva;Simples;Reta;Sim;2;0;0;1;1;0;1;2;-20.3829151;-40.4596774
108579.0;2018-02-04;domingo;06:00:00;101.0;264.2;SERRA;Desobediência às normas de trânsito pelo condutor;Colisão transversal;Com Vítimas Feridas;Amanhecer;Crescente;Chuva;Múltipla;Interseção de vias;Sim;3;0;1;0;2;0;1;2;-20.17855681;-40.26553304
164706.0;2018-02-05;segunda-feira;21:50:00;259.0;4;JOAO NEIVA;Pista Escorregadia;Tombamento;Com Vítimas Feridas;Plena Noite;Crescente;Chuva;Simples;Reta;Não;2;0;0;2;0;0;2;1;-19.6983993;-40.38452357
110078.0;2018-02-05;segunda-feira;20:45:00;101.0;145;LINHARES;Falta de Atenção à Condução;Colisão transversal;Com Vítimas Feridas;Plena Noite;Decrescente;Céu Claro;Simples;Reta;Sim;2;0;0;1;0;1;1;2;-19.39159;-40.072563
121657.0;2018-02-05;segunda-feira;06:58:00;101.0;169.1;LINHARES;Falta de Atenção à Condução;Colisão lateral;Com Vítimas Feridas;Pleno dia;Crescente;Céu Claro;Simples;Reta;Não;2;0;0;1;1;0;1;2;-19.36686293;-40.06507874
108797.0;2018-02-05;segunda-feira;06:10:00;101.0;247;SERRA;Falta de Atenção à Condução;Colisão transversal;Com Vítimas Feridas;Amanhecer;Crescente;Nublado;Simples;Reta;Não;4;0;3;0;1;0;3;2;-20.06817583;-40.3668353
109013.0;2018-02-05;segunda-feira;23:38:00;101.0;267.8;SERRA;Falta de Atenção à Condução;Colisão com objeto estático;Sem Vítimas;Plena Noite;Crescente;Chuva;Múltipla;Reta;Sim;1;0;0;0;0;1;0;1;-20.129093;-40.308125
108884.0;2018-02-05;segunda-feira;11:00:00;101.0;357;ANCHIETA;Condutor Dormindo;Saída de leito carroçável;Sem Vítimas;Pleno dia;Crescente;Nublado;Simples;Curva;Não;1;0;0;0;1;0;0;1;-20.806316;-40.645905
108906.0;2018-02-05;segunda-feira;13:15:00;101.0;195;JOAO NEIVA;Falta de Atenção à Condução;Colisão lateral;Com Vítimas Feridas;Pleno dia;Crescente;Sol;Simples;Não Informado;Não;2;0;1;0;1;0;1;2;-19.7579;-40.3788
108912.0;2018-02-05;segunda-feira;07:10:00;101.0;392;RIO NOVO DO SUL;Falta de Atenção à Condução;Saída de leito carroçável;Com Vítimas Feridas;Pleno dia;Decrescente;Chuva;Simples;Curva;Não;3;0;2;0;1;0;2;1;-20.86739352;-40.9043017
109014.0;2018-02-05;segunda-feira;23:35:00;101.0;365.8;ANCHIETA;Pista Escorregadia;Colisão lateral;Sem Vítimas;Plena Noite;Decrescente;Chuva;Simples;Curva;Não;2;0;0;0;2;0;0;2;-20.806316;-40.645905
108936.0;2018-02-05;segunda-feira;16:10:00;101.0;87;SAO MATEUS;Falta de Atenção à Condução;Saída de leito carroçável;Com Vítimas Feridas;Pleno dia;Crescente;Nublado;Simples;Reta;Não;3;0;1;1;1;0;2;2;-18.8713059;-39.94322866
108993.0;2018-02-05;segunda-feira;20:55:00;101.0;143;LINHARES;Velocidade Incompatível;Capotamento;Com Vítimas Feridas;Plena Noite;Decrescente;Nublado;Múltipla;Interseção de vias;Não;2;0;1;0;1;0;1;1;-19.39159;-40.072563
109070.0;2018-02-06;terça-feira;08:05:00;101.0;293.1;CARIACICA;Defeito na Via;Queda de ocupante de veículo;Com Vítimas Feridas;Pleno dia;Decrescente;Chuva;Múltipla;Reta;Sim;2;0;2;0;0;0;2;1;-20.3160999;-40.3938335
109244.0;2018-02-06;terça-feira;21:20:00;259.0;55.1;COLATINA;Defeito na Via;Tombamento;Com Vítimas Feridas;Plena Noite;Decrescente;Chuva;Dupla;Reta;Não;2;0;2;0;0;0;2;1;-19.49735007;-40.646486
109213.0;2018-02-06;terça-feira;18:30:00;101.0;145.9;LINHARES;Desobediência às normas de trânsito pelo condutor;Colisão transversal;Com Vítimas Feridas;Pleno dia;Crescente;Nublado;Múltipla;Retorno Regulamentado;Sim;2;0;1;0;1;0;1;2;-19.39159;-40.072563
109209.0;2018-02-06;terça-feira;18:50:00;262.0;2.1;CARIACICA;Não guardar distância de segurança;Colisão traseira;Com Vítimas Feridas;Anoitecer;Crescente;Nublado;Dupla;Reta;Sim;3;0;1;0;1;1;1;2;-20.3318737;-40.364514
109204.0;2018-02-06;terça-feira;18:30:00;101.0;420;ITAPEMIRIM;Falta de Atenção à Condução;Colisão transversal;Com Vítimas Feridas;Anoitecer;Crescente;Nublado;Simples;Interseção de vias;Não;5;0;0;4;1;0;4;2;-21.011595;-40.83424
109196.0;2018-02-06;terça-feira;17:30:00;101.0;1;VITORIA;Falta de Atenção à Condução;Colisão lateral;Com Vítimas Feridas;Pleno dia;Decrescente;Céu Claro;Simples;Reta;Sim;2;0;1;0;1;0;1;2;-20.27727583;-40.28659345
109084.0;2018-02-06;terça-feira;09:00:00;101.0;240.5;SERRA;Pista Escorregadia;Colisão lateral;Com Vítimas Feridas;Pleno dia;Crescente;Chuva;Dupla;Não Informado;Não;4;0;3;0;1;0;3;2;-20.129093;-40.308125
109227.0;2018-02-06;terça-feira;17:20:00;259.0;79;COLATINA;Fenômenos da Natureza;Danos eventuais;Com Vítimas Feridas;Anoitecer;Crescente;Chuva;Simples;Curva;Sim;1;0;1;0;0;0;1;1;-19.522627;-40.825562
109478.0;2018-02-07;quarta-feira;21:20:00;101.0;0.3;SERRA;Falta de Atenção à Condução;Colisão lateral;Sem Vítimas;Plena Noite;Decrescente;Céu Claro;Múltipla;Reta;Sim;3;0;0;0;3;0;0;2;-20.23689188;-40.27719051
109473.0;2018-02-07;quarta-feira;21:50:00;101.0;269.5;SERRA;Falta de Atenção à Condução;Colisão com objeto em movimento;Com Vítimas Feridas;Plena Noite;Crescente;Nublado;Múltipla;Reta;Sim;2;0;1;1;0;0;2;1;-20.22788709;-40.27184218
109437.0;2018-02-07;quarta-feira;19:00:00;259.0;43.2;COLATINA;Falta de Atenção à Condução;Colisão traseira;Com Vítimas Feridas;Plena Noite;Crescente;Chuva;Simples;Reta;Não;2;0;1;0;1;0;1;2;-19.60631779;-40.49499321
109451.0;2018-02-07;quarta-feira;20:50:00;101.0;108;SOORETAMA;Ingestão de Álcool;Saída de leito carroçável;Sem Vítimas;Plena Noite;Crescente;Nublado;Simples;Reta;Não;1;0;0;0;0;1;0;1;-19.197422;-40.098118
109413.0;2018-02-07;quarta-feira;18:10:00;101.0;303.5;VIANA;Avarias e/ou desgaste excessivo no pneu;Queda de ocupante de veículo;Com Vítimas Feridas;Pleno dia;Decrescente;Garoa/Chuvisco;Dupla;Reta;Sim;1;0;1;0;0;0;1;1;-20.3777547;-40.4476221
109401.0;2018-02-07;quarta-feira;16:40:00;101.0;293.6;CARIACICA;Falta de Atenção à Condução;Colisão lateral;Com Vítimas Feridas;Pleno dia;Decrescente;Nublado;Múltipla;Reta;Sim;2;0;1;0;0;1;1;2;-20.3202521;-40.3962212
109390.0;2018-02-07;quarta-feira;16:40:00;101.0;147.3;LINHARES;Desobediência às normas de trânsito pelo condutor;Colisão lateral;Com Vítimas Feridas;Pleno dia;Decrescente;Nublado;Múltipla;Interseção de vias;Sim;2;0;1;0;1;0;1;2;-19.38231303;-40.06670952
109386.0;2018-02-07;quarta-feira;13:33:00;101.0;187.8;ARACRUZ;Defeito Mecânico no Veículo;Saída de leito carroçável;Sem Vítimas;Pleno dia;Crescente;Céu Claro;Simples;Desvio Temporário;Não;1;0;0;0;1;0;0;1;-19.616537;-40.215447
109367.0;2018-02-07;quarta-feira;14:25:00;101.0;146;LINHARES;Não guardar distância de segurança;Colisão traseira;Com Vítimas Feridas;Pleno dia;Decrescente;Nublado;Múltipla;Reta;Sim;3;0;1;0;2;0;1;2;-19.3702891;-40.06537378
109311.0;2018-02-07;quarta-feira;10:15:00;101.0;147;LINHARES;Falta de Atenção à Condução;Colisão transversal;Com Vítimas Feridas;Pleno dia;Decrescente;Nublado;Múltipla;Não Informado;Sim;2;0;1;0;1;0;1;2;-19.39159;-40.072563
109285.0;2018-02-07;quarta-feira;07:00:00;101.0;276.5;SERRA;Falta de Atenção à Condução;Saída de leito carroçável;Com Vítimas Feridas;Pleno dia;Crescente;Chuva;Dupla;Reta;Não;1;0;1;0;0;0;1;1;-20.22869749;-40.28525591
109466.0;2018-02-07;quarta-feira;20:40:00;101.0;291.8;CARIACICA;Não guardar distância de segurança;Colisão com objeto estático;Sem Vítimas;Plena Noite;Crescente;Céu Claro;Dupla;Reta;Não;1;0;0;0;1;0;0;1;-20.26437;-40.420345
109533.0;2018-02-08;quinta-feira;07:30:00;101.0;286;CARIACICA;Falta de Atenção à Condução;Colisão lateral;Com Vítimas Feridas;Pleno dia;Decrescente;Nublado;Dupla;Reta;Sim;2;0;0;1;1;0;1;2;-20.26336465;-40.38186371
109567.0;2018-02-08;quinta-feira;11:20:00;101.0;65.6;SAO MATEUS;Falta de Atenção do Pedestre;Atropelamento de Pedestre;Com Vítimas Feridas;Pleno dia;Decrescente;Céu Claro;Simples;Reta;Sim;2;0;1;0;1;0;1;1;-18.71458817;-39.87750493
109576.0;2018-02-08;quinta-feira;11:00:00;101.0;283.6;CARIACICA;Defeito Mecânico no Veículo;Colisão lateral;Sem Vítimas;Pleno dia;Crescente;Céu Claro;Dupla;Reta;Não;2;0;0;0;2;0;0;2;-20.240244;-40.36972672
109590.0;2018-02-08;quinta-feira;13:10:00;101.0;285.3;CARIACICA;Falta de Atenção à Condução;Queda de ocupante de veículo;Com Vítimas Feridas;Pleno dia;Crescente;Céu Claro;Dupla;Não Informado;Não;2;0;1;0;1;0;1;2;-20.3827977;-40.4596271
110023.0;2018-02-09;sexta-feira;20:00:00;101.0;288.4;CARIACICA;Animais na Pista;Queda de ocupante de veículo;Com Vítimas Feridas;Plena Noite;Crescente;Céu Claro;Dupla;Reta;Sim;1;0;1;0;0;0;1;1;-20.26437;-40.420345
109857.0;2018-02-09;sexta-feira;14:00:00;101.0;212.9;IBIRACU;Ultrapassagem Indevida;Colisão transversal;Com Vítimas Feridas;Pleno dia;Crescente;Chuva;Simples;Reta;Sim;3;0;2;0;1;0;2;2;-19.8296;-40.3745
109914.0;2018-02-09;sexta-feira;17:15:00;101.0;15.9;PEDRO CANARIO;Falta de Atenção à Condução;Colisão transversal;Com Vítimas Feridas;Pleno dia;Crescente;Céu Claro;Simples;Reta;Sim;2;0;0;1;1;0;1;2;-18.2978443;-39.95728076
109887.0;2018-02-09;sexta-feira;15:45:00;262.0;23;VIANA;Defeito Mecânico no Veículo;Tombamento;Com Vítimas Feridas;Pleno dia;Decrescente;Chuva;Simples;Curva;Não;2;0;2;0;0;0;2;1;-20.3737;-40.5186
109854.0;2018-02-09;sexta-feira;13:45:00;101.0;335;GUARAPARI;Pista Escorregadia;Queda de ocupante de veículo;Com Vítimas Feridas;Pleno dia;Crescente;Chuva;Dupla;Rotatória;Não;1;0;1;0;0;0;1;1;-20.62750277;-40.5284518
109803.0;2018-02-09;sexta-feira;09:00:00;262.0;16.2;VIANA;Falta de Atenção à Condução;Colisão traseira;Sem Vítimas;Pleno dia;Decrescente;Nublado;Simples;Curva;Não;2;0;0;0;2;0;0;2;-20.37810151;-40.45440674
109757.0;2018-02-09;sexta-feira;05:40:00;101.0;142;LINHARES;Restrição de Visibilidade;Queda de ocupante de veículo;Com Vítimas Feridas;Amanhecer;Crescente;Chuva;Simples;Não Informado;Não;2;0;1;1;0;0;2;1;-19.39159;-40.072563
109726.0;2018-02-09;sexta-feira;01:05:00;101.0;295;CARIACICA;Falta de Atenção à Condução;Colisão traseira;Sem Vítimas;Plena Noite;Decrescente;Nublado;Dupla;Reta;Sim;2;0;0;0;2;0;0;2;-20.34205168;-40.40496826
109839.0;2018-02-09;sexta-feira;12:30:00;101.0;272.3;SERRA;Velocidade Incompatível;Saída de leito carroçável;Com Vítimas Feridas;Pleno dia;Decrescente;Chuva;Dupla;Reta;Não;1;0;1;0;0;0;1;1;-20.22366387;-40.28795958
160993.0;2018-02-10;sábado;11:20:00;447.0;13.2;VILA VELHA;Falta de Atenção à Condução;Colisão lateral;Com Vítimas Feridas;Pleno dia;Decrescente;Céu Claro;Dupla;Reta;Sim;2;0;0;1;0;1;1;2;-20.34322329;-40.32907248
110364.0;2018-02-10;sábado;19:00:00;262.0;58.5;MARECHAL FLORIANO;Falta de Atenção à Condução;Colisão transversal;Com Vítimas Feridas;Anoitecer;Decrescente;Céu Claro;Simples;Interseção de vias;Não;3;0;1;0;2;0;1;2;-20.42285033;-40.77524722
110360.0;2018-02-10;sábado;20:05:00;101.0;370.6;ICONHA;Desobediência às normas de trânsito pelo condutor;Colisão transversal;Sem Vítimas;Plena Noite;Crescente;Céu Claro;Simples;Reta;Não;6;0;0;0;6;0;0;2;-20.7708822;-40.76341326
110312.0;2018-02-10;sábado;18:10:00;101.0;450;MIMOSO DO SUL;Ingestão de Álcool;Queda de ocupante de veículo;Com Vítimas Feridas;Pleno dia;Decrescente;Céu Claro;Simples;Reta;Não;1;0;1;0;0;0;1;1;-21.06465;-41.366745
110065.0;2018-02-10;sábado;00:45:00;101.0;427.2;ATILIO VIVACQUA;Condutor Dormindo;Colisão frontal;Com Vítimas Fatais;Plena Noite;Crescente;Nublado;Simples;Curva;Não;3;2;0;0;1;0;0;2;-20.91465;-41.19869
110295.0;2018-02-10;sábado;15:15:00;101.0;178.4;ARACRUZ;Falta de Atenção à Condução;Saída de leito carroçável;Com Vítimas Feridas;Pleno dia;Decrescente;Céu Claro;Simples;Curva;Não;1;0;1;0;0;0;1;1;-19.61421159;-40.21309376
110201.0;2018-02-10;sábado;12:00:00;101.0;400;ITAPEMIRIM;Falta de Atenção à Condução;Colisão traseira;Sem Vítimas;Pleno dia;Crescente;Céu Claro;Simples;Reta;Não;2;0;0;0;2;0;0;2;-21.011595;-40.83424
110188.0;2018-02-10;sábado;12:15:00;101.0;261.2;SERRA;Condutor Dormindo;Colisão com objeto estático;Sem Vítimas;Pleno dia;Crescente;Sol;Dupla;Reta;Sim;1;0;0;0;1;0;0;1;-20.16749774;-40.27161956
110150.0;2018-02-10;sábado;09:15:00;262.0;0.7;CARIACICA;Falta de Atenção à Condução;Colisão lateral;Com Vítimas Feridas;Pleno dia;Decrescente;Céu Claro;Dupla;Ponte;Sim;2;0;0;1;1;0;1;2;-20.32638134;-40.35378277
110227.0;2018-02-10;sábado;13:45:00;101.0;340.3;GUARAPARI;Condutor Dormindo;Colisão frontal;Sem Vítimas;Pleno dia;Crescente;Sol;Simples;Desvio Temporário;Não;6;0;0;0;5;1;0;2;-20.64851214;-40.56850523
110129.0;2018-02-10;sábado;08:30:00;262.0;151;IBATIBA;Defeito Mecânico no Veículo;Colisão frontal;Com Vítimas Feridas;Pleno dia;Crescente;Céu Claro;Simples;Reta;Não;10;0;8;1;0;1;9;2;-20.21975767;-41.45021439
110213.0;2018-02-10;sábado;13:30:00;259.0;20;JOAO NEIVA;Falta de Atenção à Condução;Colisão traseira;Com Vítimas Feridas;Pleno dia;Decrescente;Sol;Simples;Reta;Sim;2;0;1;0;1;0;1;2;-19.653738;-40.46228
110309.0;2018-02-10;sábado;16:30:00;101.0;239;SERRA;Falta de Atenção à Condução;Colisão traseira;Com Vítimas Feridas;Pleno dia;Decrescente;Sol;Simples;Reta;Sim;2;0;1;0;1;0;1;2;-20.129093;-40.308125
110245.0;2018-02-10;sábado;15:30:00;101.0;265.7;SERRA;Desobediência às normas de trânsito pelo condutor;Colisão transversal;Com Vítimas Feridas;Pleno dia;Crescente;Céu Claro;Dupla;Interseção de vias;Sim;2;0;0;1;1;0;1;2;-20.129093;-40.308125
110664.0;2018-02-11;domingo;22:20:00;101.0;231.2;FUNDAO;Velocidade Incompatível;Colisão lateral;Sem Vítimas;Plena Noite;Decrescente;Céu Claro;Simples;Curva;Sim;2;0;0;0;0;2;0;2;-19.98911861;-40.41568281