id;data_inversa;dia_semana;horario;br;km;municipio;causa_acidente;tipo_acidente;classificacao_acidente;fase_dia;sentido_via;condicao_metereologica;tipo_pista;tracado_via;uso_solo;pessoas;mortos;feridos_leves;feridos_graves;ilesos;ignorados;feridos;veiculos;latitude;longitude
110523.0;2018-02-11;domingo;11:50:00;101.0;291.3;CARIACICA;Ingestão de Álcool;Queda de ocupante de veículo;Com Vítimas Feridas;Pleno dia;Crescente;Sol;Dupla;Reta;Sim;1;0;1;0;0;0;1;1;-20.321099;-40.395958
110504.0;2018-02-11;domingo;09:55:00;101.0;183.6;ARACRUZ;Falta de Atenção à Condução;Queda de ocupante de veículo;Com Vítimas Feridas;Pleno dia;Crescente;Céu Claro;Simples;Não Informado;Não;1;0;1;0;0;0;1;1;-19.709829;-40.33699036
110429.0;2018-02-11;domingo;02:20:00;101.0;14;PEDRO CANARIO;Falta de Atenção à Condução;Queda de ocupante de veículo;Com Vítimas Feridas;Plena Noite;Crescente;Céu Claro;Simples;Reta;Não;1;0;1;0;0;0;1;1;-18.282452;-39.956776
110689.0;2018-02-11;domingo;23:50:00;101.0;295;CARIACICA;Desobediência às normas de trânsito pelo condutor;Colisão transversal;Com Vítimas Feridas;Plena Noite;Crescente;Céu Claro;Múltipla;Reta;Sim;4;0;1;1;0;2;2;2;-20.334213;-40.401118
110723.0;2018-02-12;segunda-feira;07:35:00;101.0;268.8;SERRA;Falta de Atenção à Condução;Colisão traseira;Com Vítimas Feridas;Pleno dia;Crescente;Céu Claro;Dupla;Reta;Sim;3;0;1;0;1;1;1;3;-20.129093;-40.308125
110779.0;2018-02-12;segunda-feira;13:30:00;101.0;270.8;SERRA;Falta de Atenção à Condução;Queda de ocupante de veículo;Com Vítimas Feridas;Pleno dia;Decrescente;Céu Claro;Múltipla;Curva;Sim;1;0;0;1;0;0;1;1;-20.23310681;-40.2750501
110809.0;2018-02-12;segunda-feira;15:28:00;101.0;329;GUARAPARI;Falta de Atenção à Condução;Colisão lateral;Com Vítimas Feridas;Pleno dia;Crescente;Céu Claro;Simples;Curva;Não;5;0;4;0;1;0;4;2;-20.66715;-40.49785
110886.0;2018-02-12;segunda-feira;23:15:00;259.0;59;COLATINA;Falta de Atenção à Condução;Colisão traseira;Com Vítimas Feridas;Plena Noite;Decrescente;Céu Claro;Simples;Interseção de vias;Sim;3;0;0;2;1;0;2;2;-19.521255;-40.665943
110712.0;2018-02-12;segunda-feira;04:30:00;101.0;86;SAO MATEUS;Condutor Dormindo;Queda de ocupante de veículo;Com Vítimas Feridas;Plena Noite;Crescente;Céu Claro;Simples;Curva;Não;1;0;1;0;0;0;1;1;-18.7167;-39.8594
111118.0;2018-02-13;terça-feira;23:30:00;262.0;5.5;CARIACICA;Falta de Atenção do Pedestre;Atropelamento de Pedestre;Com Vítimas Feridas;Plena Noite;Crescente;Céu Claro;Múltipla;Reta;Sim;2;0;1;0;1;0;1;1;-20.3374;-40.3859
111066.0;2018-02-13;terça-feira;19:20:00;101.0;241.6;SERRA;Falta de Atenção à Condução;Danos eventuais;Sem Vítimas;Plena Noite;Decrescente;Céu Claro;Simples;Reta;Sim;1;0;0;0;1;0;0;1;-20.03082159;-40.39770914
111062.0;2018-02-13;terça-feira;18:30:00;101.0;290;CARIACICA;Falta de Atenção à Condução;Colisão com objeto estático;Com Vítimas Feridas;Plena Noite;Decrescente;Céu Claro;Dupla;Reta;Não;3;0;1;0;2;0;1;2;-20.26437;-40.420345
111020.0;2018-02-13;terça-feira;16:45:00;101.0;391.9;RIO NOVO DO SUL;Falta de Atenção à Condução;Colisão traseira;Com Vítimas Feridas;Pleno dia;Crescente;Céu Claro;Simples;Curva;Não;3;0;1;1;1;0;2;2;-20.862984;-40.93674
111000.0;2018-02-13;terça-feira;15:00:00;262.0;134;BREJETUBA;Defeito na Via;Queda de ocupante de veículo;Com Vítimas Feridas;Pleno dia;Decrescente;Céu Claro;Simples;Curva;Não;2;0;1;1;0;0;2;1;-20.24544821;-41.33056641
110994.0;2018-02-13;terça-feira;14:30:00;262.0;43.1;MARECHAL FLORIANO;Desobediência às normas de trânsito pelo condutor;Colisão frontal;Com Vítimas Feridas;Pleno dia;Decrescente;Céu Claro;Simples;Curva;Não;3;0;2;0;1;0;2;2;-20.3862137;-40.6652964
110913.0;2018-02-13;terça-feira;06:05:00;101.0;61;SAO MATEUS;Não guardar distância de segurança;Colisão traseira;Com Vítimas Feridas;Pleno dia;Crescente;Sol;Simples;Reta;Sim;2;0;0;1;1;0;1;2;-18.681532;-39.863647
111158.0;2018-02-13;terça-feira;22:30:00;259.0;79;COLATINA;Desobediência às normas de trânsito pelo condutor;Colisão com objeto estático;Com Vítimas Feridas;Plena Noite;Crescente;Nublado;Simples;Não Informado;Sim;1;0;1;0;0;0;1;1;-19.522627;-40.825562
111319.0;2018-02-14;quarta-feira;18:00:00;101.0;116.9;SOORETAMA;Falta de Atenção à Condução;Colisão traseira;Com Vítimas Feridas;Pleno dia;Crescente;Céu Claro;Simples;Reta;Não;2;0;1;0;1;0;1;2;-19.197422;-40.098118
111313.0;2018-02-14;quarta-feira;18:20:00;101.0;268.5;SERRA;Falta de Atenção à Condução;Engavetamento;Com Vítimas Feridas;Anoitecer;Crescente;Céu Claro;Dupla;Reta;Sim;6;0;2;0;4;0;2;5;-20.21524729;-40.26979566
111330.0;2018-02-14;quarta-feira;18:40:00;101.0;459.6;MIMOSO DO SUL;Velocidade Incompatível;Tombamento;Sem Vítimas;Anoitecer;Crescente;Céu Claro;Simples;Reta;Não;1;0;0;0;1;0;0;1;-21.21642047;-41.29760742
111257.0;2018-02-14;quarta-feira;13:45:00;262.0;21;VIANA;Avarias e/ou desgaste excessivo no pneu;Saída de leito carroçável;Com Vítimas Feridas;Pleno dia;Crescente;Céu Claro;Simples;Reta;Não;2;0;1;1;0;0;2;1;-20.37938885;-40.50521851
111163.0;2018-02-14;quarta-feira;06:30:00;101.0;128.9;SOORETAMA;Falta de Atenção à Condução;Colisão traseira;Com Vítimas Feridas;Amanhecer;Crescente;Céu Claro;Múltipla;Reta;Sim;1;0;1;0;0;0;1;1;-19.197422;-40.098118
111168.0;2018-02-14;quarta-feira;07:20:00;101.0;123.8;SOORETAMA;Falta de Atenção do Pedestre;Colisão com objeto em movimento;Com Vítimas Feridas;Pleno dia;Crescente;Céu Claro;Simples;Reta;Não;2;0;1;0;1;0;1;1;-19.18036986;-40.09293348
111185.0;2018-02-14;quarta-feira;08:30:00;262.0;167;IBATIBA;Desobediência às normas de trânsito pelo condutor;Tombamento;Com Vítimas Feridas;Pleno dia;Crescente;Céu Claro;Simples;Curva;Não;2;0;2;0;0;0;2;1;-20.25261503;-41.5660429
111195.0;2018-02-14;quarta-feira;09:10:00;101.0;181;ARACRUZ;Falta de Atenção à Condução;Colisão frontal;Com Vítimas Feridas;Pleno dia;Decrescente;Céu Claro;Simples;Reta;Não;6;0;2;4;0;0;6;2;-19.63155809;-40.22637606
111312.0;2018-02-14;quarta-feira;18:25:00;101.0;321;GUARAPARI;Falta de Atenção à Condução;Colisão transversal;Com Vítimas Feridas;Pleno dia;Decrescente;Céu Claro;Simples;Interseção de vias;Não;2;0;2;0;0;0;2;2;-20.52204066;-40.47834009
111276.0;2018-02-14;quarta-feira;13:40:00;101.0;304;VIANA;Ingestão de Substâncias Psicoativas;Colisão frontal;Sem Vítimas;Pleno dia;Crescente;Céu Claro;Dupla;Reta;Sim;4;0;0;0;4;0;0;2;-20.3830206;-40.4597951
111200.0;2018-02-14;quarta-feira;07:00:00;101.0;261;SERRA;Falta de Atenção à Condução;Colisão com objeto estático;Com Vítimas Feridas;Pleno dia;Crescente;Sol;Múltipla;Curva;Sim;2;0;1;1;0;0;2;1;-20.129093;-40.308125
111491.0;2018-02-15;quinta-feira;16:00:00;101.0;266.6;SERRA;Ingestão de Álcool;Atropelamento de Pedestre;Com Vítimas Feridas;Pleno dia;Decrescente;Sol;Dupla;Interseção de vias;Sim;2;0;1;0;1;0;1;1;-20.195825;-40.26867718
111497.0;2018-02-15;quinta-feira;16:05:00;262.0;3.7;CARIACICA;Mal Súbito;Colisão traseira;Com Vítimas Feridas;Pleno dia;Crescente;Céu Claro;Dupla;Curva;Sim;2;0;1;0;1;0;1;2;-20.3829368;-40.4596884
111367.0;2018-02-15;quinta-feira;00:40:00;262.0;157.4;IBATIBA;Ingestão de Álcool;Colisão lateral;Com Vítimas Feridas;Plena Noite;Crescente;Nublado;Simples;Reta;Sim;2;0;0;1;1;0;1;2;-20.23136021;-41.49056017
111399.0;2018-02-15;quinta-feira;07:15:00;262.0;5.5;CARIACICA;Falta de Atenção à Condução;Colisão traseira;Com Vítimas Feridas;Pleno dia;Decrescente;Sol;Múltipla;Reta;Sim;2;0;1;0;1;0;1;2;-20.3391418;-40.3932194
111424.0;2018-02-15;quinta-feira;09:34:00;262.0;151.9;IBATIBA;Condutor Dormindo;Colisão frontal;Com Vítimas Feridas;Pleno dia;Crescente;Céu Claro;Simples;Curva;Não;4;0;0;2;1;1;2;3;-20.21636178;-41.451736
111421.0;2018-02-15;quinta-feira;08:35:00;262.0;28.9;VIANA;Falta de Atenção à Condução;Colisão traseira;Com Vítimas Feridas;Pleno dia;Decrescente;Sol;Simples;Reta;Não;4;0;1;0;3;0;1;3;-20.376432;-40.560139
111489.0;2018-02-15;quinta-feira;15:30:00;101.0;264.5;SERRA;Desobediência às normas de trânsito pelo condutor;Colisão transversal;Com Vítimas Feridas;Pleno dia;Crescente;Sol;Dupla;Retorno Regulamentado;Sim;4;0;1;1;1;1;2;2;-20.129093;-40.308125
132719.0;2018-02-16;sexta-feira;23:00:00;262.0;176;IBATIBA;Velocidade Incompatível;Tombamento;Com Vítimas Feridas;Plena Noite;Crescente;Nublado;Simples;Reta;Não;1;0;0;1;0;0;1;1;-20.26950408;-41.6100204
111742.0;2018-02-16;sexta-feira;19:30:00;259.0;57.7;COLATINA;Falta de Atenção à Condução;Colisão transversal;Com Vítimas Feridas;Plena Noite;Decrescente;Céu Claro;Dupla;Rotatória;Sim;3;0;1;0;2;0;1;3;-19.51265271;-40.65686349
111788.0;2018-02-16;sexta-feira;23:40:00;259.0;79.7;COLATINA;Falta de Atenção à Condução;Colisão com objeto estático;Com Vítimas Feridas;Plena Noite;Crescente;Nublado;Simples;Curva;Não;1;0;0;1;0;0;1;1;-19.51994591;-40.83164409
111770.0;2018-02-16;sexta-feira;22:40:00;101.0;269.5;SERRA;Desobediência às normas de trânsito pelo condutor;Colisão transversal;Com Vítimas Feridas;Plena Noite;Crescente;Céu Claro;Múltipla;Interseção de vias;Sim;2;0;0;1;0;1;1;2;-20.22171078;-40.27036697
111672.0;2018-02-16;sexta-feira;07:35:00;262.0;127;CONCEICAO DO CASTELO;Defeito na Via;Queda de ocupante de veículo;Com Vítimas Feridas;Pleno dia;Decrescente;Céu Claro;Simples;Reta;Não;1;0;1;0;0;0;1;1;-20.2655;-41.2737
111663.0;2018-02-16;sexta-feira;13:45:00;101.0;269.3;SERRA;Falta de Atenção à Condução;Colisão traseira;Com Vítimas Feridas;Pleno dia;Crescente;Céu Claro;Múltipla;Interseção de vias;Sim;3;0;1;0;2;0;1;2;-20.129093;-40.308125
111621.0;2018-02-16;sexta-feira;09:10:00;101.0;41.1;CONCEICAO DA BARRA;Falta de Atenção à Condução;Tombamento;Com Vítimas Feridas;Pleno dia;Decrescente;Nublado;Simples;Desvio Temporário;Não;2;0;2;0;0;0;2;1;-18.55773998;-39.90028381
111996.0;2018-02-17;sábado;23:00:00;262.0;1.1;CARIACICA;Velocidade Incompatível;Colisão com objeto estático;Com Vítimas Feridas;Plena Noite;Crescente;Céu Claro;Dupla;Curva;Sim;6;0;1;5;0;0;6;1;-20.32899982;-40.35557973
145154.0;2018-02-17;sábado;22:20:00;101.0;263;SERRA;Desobediência às normas de trânsito pelo condutor;Colisão frontal;Com Vítimas Feridas;Plena Noite;Crescente;Céu Claro;Dupla;Reta;Não;4;0;1;3;0;0;4;2;-20.17198936;-40.271523
111845.0;2018-02-17;sábado;08:00:00;259.0;56.5;COLATINA;Falta de Atenção à Condução;Tombamento;Com Vítimas Feridas;Pleno dia;Crescente;Nublado;Simples;Curva;Não;1;0;1;0;0;0;1;1;-19.50098139;-40.65232158
111851.0;2018-02-17;sábado;09:50:00;262.0;137.6;MUNIZ FREIRE;Velocidade Incompatível;Capotamento;Com Vítimas Feridas;Pleno dia;Crescente;Céu Claro;Simples;Não Informado;Não;2;0;1;0;1;0;1;1;-20.2356614;-41.35073233
112171.0;2018-02-18;domingo;19:00:00;101.0;123.5;SOORETAMA;Falta de Atenção à Condução;Capotamento;Sem Vítimas;Plena Noite;Decrescente;Céu Claro;Simples;Reta;Não;1;0;0;0;1;0;0;1;-19.1545128;-40.08030295
112134.0;2018-02-18;domingo;17:15:00;101.0;459.4;MIMOSO DO SUL;Falta de Atenção à Condução;Saída de leito carroçável;Com Vítimas Fatais;Anoitecer;Crescente;Nublado;Simples;Reta;Não;1;1;0;0;0;0;0;1;-21.21312407;-41.29722929
112315.0;2018-02-19;segunda-feira;11:40:00;101.0;284.6;CARIACICA;Condutor Dormindo;Colisão com objeto estático;Com Vítimas Feridas;Pleno dia;Crescente;Céu Claro;Múltipla;Curva;Sim;1;0;1;0;0;0;1;1;-20.26437;-40.420345
112370.0;2018-02-19;segunda-feira;14:30:00;262.0;53.1;MARECHAL FLORIANO;Condutor Dormindo;Colisão frontal;Com Vítimas Feridas;Pleno dia;Decrescente;Nublado;Simples;Curva;Não;4;0;2;1;1;0;3;3;-20.415027;-40.7413
112425.0;2018-02-19;segunda-feira;18:30:00;262.0;3.5;CARIACICA;Falta de Atenção do Pedestre;Atropelamento de Pedestre;Com Vítimas Feridas;Plena Noite;Decrescente;Céu Claro;Múltipla;Reta;Sim;2;0;1;0;1;0;1;1;-20.3356381;-40.3728561
112433.0;2018-02-19;segunda-feira;08:30:00;262.0;0.5;CARIACICA;Falta de Atenção à Condução;Colisão traseira;Com Vítimas Feridas;Pleno dia;Decrescente;Céu Claro;Dupla;Reta;Sim;2;0;1;0;1;0;1;2;-20.33175018;-40.36102295
112462.0;2018-02-19;segunda-feira;20:32:00;262.0;1.2;CARIACICA;Defeito na Via;Queda de ocupante de veículo;Com Vítimas Feridas;Plena Noite;Crescente;Céu Claro;Dupla;Desvio Temporário;Sim;1;0;1;0;0;0;1;1;-20.32939963;-40.35615947
112520.0;2018-02-20;terça-feira;09:45:00;101.0;391;RIO NOVO DO SUL;Ultrapassagem Indevida;Colisão frontal;Com Vítimas Fatais;Pleno dia;Crescente;Sol;Simples;Reta;Não;3;1;0;1;1;0;1;2;-20.862984;-40.93674
112514.0;2018-02-20;terça-feira;09:15:00;101.0;270.7;SERRA;Falta de Atenção à Condução;Queda de ocupante de veículo;Com Vítimas Feridas;Pleno dia;Crescente;Céu Claro;Dupla;Reta;Sim;1;0;0;1;0;0;1;1;-20.129093;-40.308125
112483.0;2018-02-20;terça-feira;06:00:00;101.0;400;ITAPEMIRIM;Não guardar distância de segurança;Colisão traseira;Com Vítimas Feridas;Pleno dia;Decrescente;Céu Claro;Simples;Reta;Não;2;0;1;0;0;1;1;2;-20.87549359;-40.95703125
112574.0;2018-02-20;terça-feira;14:10:00;101.0;332;GUARAPARI;Avarias e/ou desgaste excessivo no pneu;Queda de ocupante de veículo;Com Vítimas Feridas;Pleno dia;Crescente;Céu Claro;Simples;Reta;Não;2;0;1;1;0;0;2;1;-20.66715;-40.49785
112558.0;2018-02-20;terça-feira;13:00:00;101.0;143;LINHARES;Falta de Atenção à Condução;Colisão traseira;Com Vítimas Feridas;Pleno dia;Crescente;Céu Claro;Múltipla;Reta;Não;2;0;0;1;1;0;1;2;-19.39159;-40.072563
112774.0;2018-02-21;quarta-feira;11:00:00;101.0;260;SERRA;Animais na Pista;Atropelamento de Animal;Sem Vítimas;Pleno dia;Decrescente;Céu Claro;Dupla;Reta;Sim;2;0;0;0;1;1;0;1;-20.129093;-40.308125
112750.0;2018-02-21;quarta-feira;08:17:00;101.0;1.8;SERRA;Desobediência às normas de trânsito pelo condutor;Colisão lateral;Com Vítimas Feridas;Pleno dia;Crescente;Céu Claro;Dupla;Reta;Sim;3;0;2;0;1;0;2;2;-20.129093;-40.308125
112687.0;2018-02-21;quarta-feira;01:10:00;101.0;119.2;LINHARES;Velocidade Incompatível;Colisão traseira;Com Vítimas Feridas;Plena Noite;Decrescente;Céu Claro;Simples;Reta;Não;2;0;0;1;1;0;1;2;-19.13675557;-40.07146239
112897.0;2018-02-21;quarta-feira;19:50:00;262.0;26.3;VIANA;Pista Escorregadia;Capotamento;Sem Vítimas;Plena Noite;Decrescente;Nublado;Simples;Curva;Não;1;0;0;0;1;0;0;1;-20.38066937;-40.54219827
113149.0;2018-02-22;quinta-feira;17:20:00;101.0;1.3;VITORIA;Falta de Atenção à Condução;Colisão lateral;Com Vítimas Feridas;Pleno dia;Crescente;Nublado;Dupla;Reta;Sim;2;0;1;0;1;0;1;2;-20.24488451;-40.28263807
113150.0;2018-02-22;quinta-feira;16:40:00;101.0;1.8;SERRA;Falta de Atenção à Condução;Colisão lateral;Com Vítimas Feridas;Pleno dia;Crescente;Nublado;Dupla;Reta;Não;3;0;3;0;0;0;3;2;-20.129093;-40.308125
113222.0;2018-02-22;quinta-feira;21:35:00;262.0;128;CONCEICAO DO CASTELO;Velocidade Incompatível;Saída de leito carroçável;Com Vítimas Feridas;Plena Noite;Decrescente;Chuva;Simples;Curva;Não;2;0;0;2;0;0;2;1;-20.26131141;-41.27862451
113082.0;2018-02-22;quinta-feira;11:50:00;101.0;378.4;ICONHA;Mal Súbito;Engavetamento;Com Vítimas Feridas;Pleno dia;Decrescente;Céu Claro;Simples;Reta;Não;5;0;2;0;3;0;2;3;-20.79646424;-40.81955999
113040.0;2018-02-22;quinta-feira;10:25:00;101.0;53;SAO MATEUS;Falta de Atenção à Condução;Colisão traseira;Com Vítimas Feridas;Pleno dia;Crescente;Céu Claro;Simples;Reta;Não;7;0;2;0;5;0;2;3;-18.612024;-39.884487
113501.0;2018-02-23;sexta-feira;21:30:00;259.0;8;JOAO NEIVA;Falta de Atenção à Condução;Saída de leito carroçável;Com Vítimas Feridas;Plena Noite;Crescente;Céu Claro;Simples;Reta;Não;1;0;1;0;0;0;1;1;-19.72146408;-40.37314653
113488.0;2018-02-23;sexta-feira;21:00:00;101.0;277.2;SERRA;Velocidade Incompatível;Colisão com objeto estático;Com Vítimas Feridas;Plena Noite;Crescente;Garoa/Chuvisco;Dupla;Reta;Não;4;0;2;0;2;0;2;3;-20.2148043;-40.32358199
113481.0;2018-02-23;sexta-feira;19:50:00;101.0;268.5;SERRA;Falta de Atenção à Condução;Colisão traseira;Com Vítimas Feridas;Plena Noite;Decrescente;Chuva;Dupla;Reta;Sim;2;0;1;0;1;0;1;2;-20.17327841;-40.27014971
113474.0;2018-02-23;sexta-feira;20:00:00;262.0;4.9;CARIACICA;Ingestão de Álcool;Colisão transversal;Sem Vítimas;Plena Noite;Decrescente;Chuva;Múltipla;Desvio Temporário;Sim;2;0;0;0;2;0;0;2;-20.3382177;-40.3849654
113461.0;2018-02-23;sexta-feira;17:30:00;101.0;1.6;SERRA;Falta de Atenção à Condução;Colisão lateral;Com Vítimas Feridas;Anoitecer;Decrescente;Nublado;Dupla;Reta;Não;3;0;2;0;1;0;2;2;-20.25185005;-40.28717369
113445.0;2018-02-23;sexta-feira;17:40:00;262.0;3;CARIACICA;Falta de Atenção à Condução;Colisão lateral;Com Vítimas Feridas;Anoitecer;Crescente;Chuva;Dupla;Reta;Sim;3;0;2;0;1;0;2;2;-20.33504;-40.372006
113434.0;2018-02-23;sexta-feira;16:15:00;101.0;67.8;SAO MATEUS;Não guardar distância de segurança;Colisão lateral;Com Vítimas Feridas;Pleno dia;Crescente;Nublado;Múltipla;Reta;Sim;3;0;0;1;0;2;1;3;-18.72488085;-39.8600361
113419.0;2018-02-23;sexta-feira;15:40:00;101.0;458;MIMOSO DO SUL;Velocidade Incompatível;Colisão traseira;Sem Vítimas;Pleno dia;Crescente;Nublado;Simples;Reta;Não;2;0;0;0;2;0;0;2;-21.20207;-41.30086
113414.0;2018-02-23;sexta-feira;15:25:00;101.0;394.2;RIO NOVO DO SUL;Velocidade Incompatível;Colisão traseira;Com Vítimas Feridas;Pleno dia;Crescente;Chuva;Simples;Curva;Não;4;0;2;0;2;0;2;4;-20.862984;-40.93674
113407.0;2018-02-23;sexta-feira;14:50:00;101.0;141;LINHARES;Falta de Atenção à Condução;Colisão lateral;Com Vítimas Feridas;Pleno dia;Crescente;Chuva;Múltipla;Reta;Sim;3;0;2;0;0;1;2;2;-19.32403728;-40.07312268
113301.0;2018-02-23;sexta-feira;08:20:00;101.0;293.7;CARIACICA;Desobediência às normas de trânsito pelo condutor;Colisão transversal;Com Vítimas Feridas;Pleno dia;Crescente;Céu Claro;Dupla;Retorno Regulamentado;Sim;2;0;0;1;1;0;1;2;-20.26437;-40.420345
113297.0;2018-02-23;sexta-feira;08:00:00;101.0;292.3;CARIACICA;Falta de Atenção à Condução;Colisão lateral;Com Vítimas Feridas;Pleno dia;Crescente;Nublado;Simples;Desvio Temporário;Sim;2;0;1;0;1;0;1;2;-20.27507967;-40.39123535
113256.0;2018-02-23;sexta-feira;03:30:00;101.0;284;CARIACICA;Falta de Atenção à Condução;Colisão com objeto estático;Sem Vítimas;Plena Noite;Decrescente;Céu Claro;Dupla;Reta;Sim;1;0;0;0;1;0;0;1;-20.24379369;-40.36980987
113473.0;2018-02-23;sexta-feira;18:30:00;262.0;0.1;CARIACICA;Não guardar distância de segurança;Engavetamento;Com Vítimas Feridas;Plena Noite;Decrescente;Chuva;Dupla;Ponte;Sim;8;0;4;0;3;1;4;5;-20.32195562;-40.35135468
137987.0;2018-02-23;sexta-feira;17:30:00;262.0;53.3;MARECHAL FLORIANO;Pista Escorregadia;Colisão lateral;Com Vítimas Feridas;Anoitecer;Crescente;Chuva;Simples;Reta;Não;2;0;0;1;1;0;1;2;-20.41405996;-40.73592883
114521.0;2018-02-24;sábado;05:10:00;101.0;267.7;SERRA;Falta de Atenção à Condução;Colisão traseira;Com Vítimas Feridas;Amanhecer;Crescente;Nublado;Dupla;Interseção de vias;Sim;2;0;1;0;1;0;1;2;-20.2058083;-40.26942819
113778.0;2018-02-24;sábado;20:40:00;101.0;32.6;CONCEICAO DA BARRA;Mal Súbito;Colisão transversal;Com Vítimas Feridas;Plena Noite;Crescente;Céu Claro;Simples;Desvio Temporário;Sim;2;0;0;1;1;0;1;2;-18.43104475;-39.9340629
113629.0;2018-02-24;sábado;10:20:00;101.0;147;LINHARES;Falta de Atenção à Condução;Colisão transversal;Com Vítimas Feridas;Pleno dia;Crescente;Céu Claro;Múltipla;Interseção de vias;Sim;2;0;1;0;1;0;1;2;-19.37981824;-40.06713867
113626.0;2018-02-24;sábado;10:20:00;101.0;296;CARIACICA;Falta de Atenção à Condução;Colisão traseira;Com Vítimas Feridas;Pleno dia;Decrescente;Céu Claro;Dupla;Curva;Sim;2;0;1;0;1;0;1;2;-20.34202653;-40.40471613
113673.0;2018-02-24;sábado;13:20:00;101.0;269.8;SERRA;Falta de Atenção à Condução;Colisão transversal;Com Vítimas Feridas;Pleno dia;Decrescente;Sol;Múltipla;Interseção de vias;Sim;2;0;1;0;1;0;1;2;-20.2245521;-40.2700658
113677.0;2018-02-24;sábado;14:30:00;101.0;285.9;CARIACICA;Velocidade Incompatível;Capotamento;Sem Vítimas;Pleno dia;Decrescente;Céu Claro;Dupla;Reta;Sim;1;0;0;0;1;0;0;1;-20.258184;-40.3773454
113697.0;2018-02-24;sábado;16:15:00;101.0;300;VIANA;Falta de Atenção à Condução;Colisão traseira;Com Vítimas Feridas;Pleno dia;Decrescente;Céu Claro;Dupla;Reta;Sim;3;0;2;0;1;0;2;2;-20.39076;-40.49646
113779.0;2018-02-24;sábado;20:50:00;101.0;187;ARACRUZ;Ingestão de Álcool;Atropelamento de Pedestre;Com Vítimas Feridas;Plena Noite;Crescente;Nublado;Simples;Curva;Não;2;0;0;1;0;1;1;1;-19.820759;-40.273678
113812.0;2018-02-25;domingo;00:40:00;101.0;269.9;SERRA;Desobediência às normas de trânsito pelo condutor;Colisão transversal;Com Vítimas Feridas;Plena Noite;Crescente;Céu Claro;Múltipla;Interseção de vias;Sim;3;0;1;0;1;1;1;2;-20.129093;-40.308125
113932.0;2018-02-25;domingo;10:34:00;259.0;57.9;SERRA;Falta de Atenção à Condução;Colisão transversal;Com Vítimas Feridas;Pleno dia;Crescente;Nublado;Simples;Retorno Regulamentado;Sim;2;0;1;0;1;0;1;2;-20.0966696;-40.3392918
114220.0;2018-02-26;segunda-feira;13:30:00;101.0;246.1;SERRA;Falta de Atenção à Condução;Colisão traseira;Com Vítimas Feridas;Pleno dia;Crescente;Nublado;Dupla;Reta;Não;2;0;1;0;1;0;1;2;-20.06363973;-40.37640385
114376.0;2018-02-26;segunda-feira;22:45:00;262.0;167;IBATIBA;Velocidade Incompatível;Tombamento;Com Vítimas Feridas;Plena Noite;Crescente;Nublado;Simples;Curva;Não;2;0;2;0;0;0;2;1;-20.25255464;-41.56603385
114367.0;2018-02-26;segunda-feira;22:10:00;262.0;5.1;CARIACICA;Velocidade Incompatível;Colisão com objeto estático;Sem Vítimas;Plena Noite;Decrescente;Céu Claro;Dupla;Curva;Sim;1;0;0;0;1;0;0;1;-20.33693622;-40.38730592
114359.0;2018-02-26;segunda-feira;21:00:00;101.0;0.4;SERRA;Falta de Atenção à Condução;Colisão transversal;Com Vítimas Feridas;Plena Noite;Crescente;Céu Claro;Múltipla;Interseção de vias;Sim;3;0;3;0;0;0;3;2;-20.23695228;-40.27746677
114338.0;2018-02-26;segunda-feira;18:40:00;262.0;4;CARIACICA;Falta de Atenção à Condução;Colisão transversal;Com Vítimas Feridas;Plena Noite;Crescente;Nublado;Dupla;Reta;Sim;2;0;1;0;1;0;1;2;-20.34205168;-40.37314653
114333.0;2018-02-26;segunda-feira;17:20:00;101.0;264.3;SERRA;Desobediência às normas de trânsito pelo condutor;Colisão transversal;Com Vítimas Feridas;Anoitecer;Crescente;Nublado;Múltipla;Interseção de vias;Sim;2;0;1;0;1;0;1;2;-20.17697539;-40.26590377
114250.0;2018-02-26;segunda-feira;14:30:00;101.0;270.8;SERRA;Falta de Atenção à Condução;Colisão com objeto estático;Com Vítimas Feridas;Pleno dia;Crescente;Céu Claro;Dupla;Curva;Sim;1;0;0;1;0;0;1;1;-20.129093;-40.308125
114247.0;2018-02-26;segunda-feira;06:50:00;101.0;258;SERRA;Falta de Atenção à Condução;Colisão lateral;Com Vítimas Feridas;Pleno dia;Decrescente;Sol;Dupla;Reta;Sim;2;0;1;0;1;0;1;2;-20.13112699;-40.29559851
114189.0;2018-02-26;segunda-feira;11:10:00;101.0;147.1;LINHARES;Falta de Atenção à Condução;Colisão lateral;Com Vítimas Feridas;Pleno dia;Crescente;Sol;Simples;Reta;Sim;2;0;1;0;1;0;1;2;-19.39378453;-40.0658083
114125.0;2018-02-26;segunda-feira;01:00:00;101.0;270;SERRA;Defeito Mecânico no Veículo;Colisão com objeto estático;Sem Vítimas;Plena Noite;Crescente;Garoa/Chuvisco;Dupla;Reta;Sim;1;0;0;0;1;0;0;1;-20.1980476;-40.26741025
114523.0;2018-02-27;terça-feira;11:45:00;101.0;294.1;CARIACICA;Velocidade Incompatível;Colisão traseira;Com Vítimas Feridas;Pleno dia;Decrescente;Céu Claro;Dupla;Desvio Temporário;Sim;3;0;2;1;0;0;3;2;-20.29311345;-40.39260864