id;data_inversa;dia_semana;horario;br;km;municipio;causa_acidente;tipo_acidente;classificacao_acidente;fase_dia;sentido_via;condicao_metereologica;tipo_pista;tracado_via;uso_solo;pessoas;mortos;feridos_leves;feridos_graves;ilesos;ignorados;feridos;veiculos;latitude;longitude
114503.0;2018-02-27;terça-feira;09:30:00;262.0;5.2;CARIACICA;Não guardar distância de segurança;Colisão traseira;Com Vítimas Feridas;Pleno dia;Decrescente;Céu Claro;Múltipla;Desvio Temporário;Sim;2;0;1;0;1;0;1;2;-20.337655;-40.3909218
114499.0;2018-02-27;terça-feira;09:10:00;101.0;67;SAO MATEUS;Velocidade Incompatível;Tombamento;Sem Vítimas;Pleno dia;Decrescente;Sol;Simples;Reta;Não;1;0;0;0;1;0;0;1;-18.720545;-39.865883
114496.0;2018-02-27;terça-feira;08:30:00;101.0;242;SERRA;Falta de Atenção à Condução;Colisão com objeto estático;Sem Vítimas;Pleno dia;Crescente;Céu Claro;Múltipla;Reta;Sim;2;0;0;0;0;2;0;1;-20.0739904;-40.36239624
114454.0;2018-02-27;terça-feira;06:20:00;262.0;3.5;CARIACICA;Desobediência às normas de trânsito pelo condutor;Colisão traseira;Com Vítimas Feridas;Pleno dia;Decrescente;Sol;Dupla;Reta;Sim;2;0;1;0;1;0;1;2;-20.33947637;-40.39398193
114436.0;2018-02-27;terça-feira;05:25:00;101.0;387;ICONHA;Velocidade Incompatível;Tombamento;Com Vítimas Feridas;Amanhecer;Crescente;Nublado;Simples;Curva;Não;1;0;0;1;0;0;1;1;-20.84863539;-40.87529629
114630.0;2018-02-27;terça-feira;16:55:00;262.0;155.9;IBATIBA;Defeito na Via;Queda de ocupante de veículo;Com Vítimas Feridas;Pleno dia;Decrescente;Céu Claro;Simples;Reta;Não;1;0;1;0;0;0;1;1;-20.2283;-41.4753
114406.0;2018-02-27;terça-feira;03:40:00;262.0;19.3;VIANA;Animais na Pista;Atropelamento de Animal;Com Vítimas Feridas;Plena Noite;Crescente;Céu Claro;Simples;Reta;Sim;1;0;0;1;0;0;1;1;-20.3932;-40.4863
114629.0;2018-02-27;terça-feira;19:30:00;101.0;71;SAO MATEUS;Falta de Atenção à Condução;Colisão frontal;Com Vítimas Feridas;Plena Noite;Crescente;Nublado;Simples;Reta;Não;2;0;1;0;1;0;1;2;-18.720545;-39.865883
114758.0;2018-02-28;quarta-feira;11:20:00;262.0;4.5;CARIACICA;Falta de Atenção do Pedestre;Atropelamento de Pedestre;Com Vítimas Feridas;Pleno dia;Crescente;Céu Claro;Múltipla;Reta;Sim;2;0;0;1;1;0;1;1;-20.33832953;-40.38407922
132723.0;2018-02-28;quarta-feira;20:30:00;101.0;294;CARIACICA;Velocidade Incompatível;Colisão com objeto estático;Com Vítimas Fatais;Plena Noite;Decrescente;Céu Claro;Dupla;Não Informado;Sim;2;2;0;0;0;0;0;1;-20.32312315;-40.3950119
114688.0;2018-02-28;quarta-feira;06:50:00;101.0;270.9;SERRA;Falta de Atenção à Condução;Colisão lateral;Com Vítimas Feridas;Pleno dia;Crescente;Céu Claro;Múltipla;Curva;Não;2;0;1;0;1;0;1;2;-20.22998607;-40.27313232
114902.0;2018-02-28;quarta-feira;23:20:00;101.0;264.4;SERRA;Falta de Atenção à Condução;Colisão transversal;Com Vítimas Feridas;Plena Noite;Decrescente;Céu Claro;Múltipla;Interseção de vias;Sim;2;0;1;0;1;0;1;2;-20.17785546;-40.26547462
114895.0;2018-02-28;quarta-feira;21:40:00;101.0;182;ARACRUZ;Falta de Atenção à Condução;Colisão frontal;Com Vítimas Feridas;Plena Noite;Decrescente;Nublado;Simples;Reta;Não;2;0;0;1;1;0;1;2;-19.65321443;-40.23536682
114861.0;2018-02-28;quarta-feira;08:40:00;101.0;312.9;VILA VELHA;Animais na Pista;Atropelamento de Animal;Sem Vítimas;Pleno dia;Crescente;Céu Claro;Simples;Reta;Não;1;0;0;0;1;0;0;1;-20.45297554;-40.46236485
114856.0;2018-02-28;quarta-feira;19:30:00;101.0;67;SAO MATEUS;Não guardar distância de segurança;Colisão traseira;Com Vítimas Feridas;Plena Noite;Decrescente;Céu Claro;Dupla;Reta;Sim;2;0;0;1;1;0;1;2;-18.720545;-39.865883
114854.0;2018-02-28;quarta-feira;19:20:00;101.0;100;JAGUARE;Desobediência às normas de trânsito pelo pedestre;Atropelamento de Pedestre;Com Vítimas Fatais;Plena Noite;Decrescente;Céu Claro;Simples;Reta;Não;2;1;0;0;1;0;0;1;-18.97967527;-39.99523401
114779.0;2018-02-28;quarta-feira;13:35:00;101.0;363.3;ANCHIETA;Velocidade Incompatível;Capotamento;Sem Vítimas;Pleno dia;Decrescente;Céu Claro;Simples;Curva;Não;1;0;0;0;1;0;0;1;-20.69722072;-40.68994174
114778.0;2018-02-28;quarta-feira;13:20:00;101.0;373;ICONHA;Falta de Atenção à Condução;Colisão frontal;Com Vítimas Feridas;Pleno dia;Crescente;Chuva;Simples;Reta;Não;3;0;1;0;2;0;1;3;-20.79720143;-40.82244873
115017.0;2018-03-01;quinta-feira;15:25:00;262.0;59.4;MARECHAL FLORIANO;Avarias e/ou desgaste excessivo no pneu;Colisão frontal;Com Vítimas Fatais;Pleno dia;Crescente;Nublado;Simples;Não Informado;Não;3;3;0;0;0;0;0;2;-20.42012555;-40.78183103
115067.0;2018-03-01;quinta-feira;18:40:00;101.0;261.1;SERRA;Desobediência às normas de trânsito pelo condutor;Queda de ocupante de veículo;Com Vítimas Feridas;Plena Noite;Decrescente;Céu Claro;Simples;Reta;Não;1;0;0;1;0;0;1;1;-20.18487938;-40.27038574
115068.0;2018-03-01;quinta-feira;19:10:00;101.0;219;IBIRACU;Falta de Atenção à Condução;Queda de ocupante de veículo;Com Vítimas Feridas;Plena Noite;Decrescente;Céu Claro;Simples;Curva;Não;1;0;1;0;0;0;1;1;-19.92924358;-40.40614996
115200.0;2018-03-02;sexta-feira;11:35:00;101.0;261.5;SERRA;Falta de Atenção à Condução;Colisão traseira;Sem Vítimas;Pleno dia;Crescente;Céu Claro;Dupla;Reta;Não;2;0;0;0;2;0;0;2;-20.14924795;-40.27946234
115375.0;2018-03-02;sexta-feira;22:00:00;262.0;194.5;IUNA;Defeito Mecânico no Veículo;Incêndio;Sem Vítimas;Plena Noite;Decrescente;Nublado;Simples;Reta;Não;1;0;0;0;1;0;0;1;-20.2843786;-41.77170731
115374.0;2018-03-02;sexta-feira;23:49:00;262.0;46.2;MARECHAL FLORIANO;Ingestão de Álcool;Queda de ocupante de veículo;Com Vítimas Feridas;Plena Noite;Crescente;Nublado;Simples;Reta;Sim;3;0;1;1;0;1;2;2;-20.40513336;-40.67687988
115357.0;2018-03-02;sexta-feira;19:30:00;259.0;81.2;COLATINA;Objeto estático sobre o leito carroçável;Colisão com objeto estático;Com Vítimas Feridas;Plena Noite;Crescente;Céu Claro;Simples;Reta;Não;1;0;1;0;0;0;1;1;-19.514526;-40.842159
115240.0;2018-03-02;sexta-feira;14:25:00;101.0;305;VIANA;Ingestão de Álcool;Colisão traseira;Sem Vítimas;Pleno dia;Decrescente;Nublado;Simples;Reta;Sim;2;0;0;0;2;0;0;2;-20.38488003;-40.46218514
115237.0;2018-03-02;sexta-feira;13:30:00;101.0;276;SERRA;Falta de Atenção à Condução;Tombamento;Com Vítimas Feridas;Pleno dia;Crescente;Céu Claro;Dupla;Reta;Não;2;0;1;0;1;0;1;1;-20.2130726;-40.32119751
115217.0;2018-03-02;sexta-feira;12:20:00;101.0;271.4;SERRA;Desobediência às normas de trânsito pelo condutor;Colisão transversal;Com Vítimas Feridas;Pleno dia;Crescente;Céu Claro;Múltipla;Interseção de vias;Sim;2;0;0;1;1;0;1;2;-20.22995587;-40.28107166
115134.0;2018-03-02;sexta-feira;05:00:00;101.0;259.4;SERRA;Falta de Atenção à Condução;Saída de leito carroçável;Com Vítimas Feridas;Amanhecer;Crescente;Nublado;Simples;Curva;Sim;1;0;0;1;0;0;1;1;-20.1215224;-40.3077898
115129.0;2018-03-02;sexta-feira;01:40:00;101.0;147.3;LINHARES;Ingestão de Álcool;Atropelamento de Pedestre;Com Vítimas Feridas;Plena Noite;Crescente;Céu Claro;Múltipla;Interseção de vias;Sim;2;0;1;0;1;0;1;1;-19.38227761;-40.06712258
115431.0;2018-03-03;sábado;05:30:00;262.0;120;CONCEICAO DO CASTELO;Condutor Dormindo;Colisão com objeto estático;Com Vítimas Feridas;Amanhecer;Decrescente;Nublado;Simples;Curva;Não;1;0;1;0;0;0;1;1;-20.29829987;-41.230756
115388.0;2018-03-03;sábado;00:25:00;101.0;159;LINHARES;Falta de Atenção à Condução;Colisão transversal;Com Vítimas Fatais;Plena Noite;Crescente;Céu Claro;Simples;Interseção de vias;Sim;4;1;1;0;1;1;1;2;-19.41997316;-40.06851196
115428.0;2018-03-03;sábado;05:40:00;101.0;269;SERRA;Não guardar distância de segurança;Colisão traseira;Com Vítimas Feridas;Amanhecer;Crescente;Céu Claro;Múltipla;Reta;Sim;2;0;1;0;1;0;1;2;-20.22096578;-40.27038574
115645.0;2018-03-03;sábado;20:40:00;262.0;91;VENDA NOVA DO IMIGRANTE;Falta de Atenção à Condução;Colisão transversal;Com Vítimas Feridas;Plena Noite;Crescente;Nublado;Simples;Reta;Não;3;0;2;0;1;0;2;2;-20.3789;-41.0316
115609.0;2018-03-03;sábado;20:45:00;101.0;145.2;SAO MATEUS;Desobediência às normas de trânsito pelo condutor;Colisão lateral;Com Vítimas Feridas;Plena Noite;Decrescente;Céu Claro;Múltipla;Reta;Sim;5;0;2;0;3;0;2;2;-18.720545;-39.865883
115588.0;2018-03-03;sábado;19:40:00;101.0;159;LINHARES;Defeito Mecânico no Veículo;Tombamento;Com Vítimas Feridas;Plena Noite;Crescente;Céu Claro;Simples;Reta;Sim;2;0;1;0;1;0;1;1;-19.418678;-40.06713867
115558.0;2018-03-03;sábado;17:30:00;101.0;270.2;SERRA;Falta de Atenção à Condução;Tombamento;Com Vítimas Feridas;Anoitecer;Crescente;Céu Claro;Dupla;Curva;Sim;1;0;0;1;0;0;1;1;-20.23284507;-40.27563214
115520.0;2018-03-03;sábado;15:20:00;101.0;269.9;SERRA;Condutor Dormindo;Colisão com objeto estático;Com Vítimas Feridas;Pleno dia;Crescente;Céu Claro;Múltipla;Reta;Sim;1;0;1;0;0;0;1;1;-20.20384726;-40.27244568
115487.0;2018-03-03;sábado;11:00:00;393.0;2;CACHOEIRO DE ITAPEMIRIM;Falta de Atenção à Condução;Colisão lateral;Com Vítimas Feridas;Pleno dia;Crescente;Sol;Simples;Reta;Sim;2;0;1;0;1;0;1;2;-20.832424;-41.174911
115459.0;2018-03-03;sábado;09:20:00;101.0;265;SERRA;Agressão Externa;Queda de ocupante de veículo;Com Vítimas Feridas;Pleno dia;Decrescente;Céu Claro;Dupla;Interseção de vias;Sim;1;0;1;0;0;0;1;1;-20.20034601;-40.26901245
115772.0;2018-03-04;domingo;14:00:00;262.0;61;MARECHAL FLORIANO;Pista Escorregadia;Capotamento;Sem Vítimas;Pleno dia;Decrescente;Nublado;Simples;Curva;Não;1;0;0;0;1;0;0;1;-20.41868773;-40.81794262
115705.0;2018-03-04;domingo;07:05:00;101.0;133.8;LINHARES;Condutor Dormindo;Saída de leito carroçável;Com Vítimas Feridas;Pleno dia;Crescente;Céu Claro;Simples;Reta;Não;1;0;1;0;0;0;1;1;-19.22127563;-40.09459766
115738.0;2018-03-04;domingo;11:25:00;101.0;270.6;SERRA;Ingestão de Álcool;Atropelamento de Pedestre;Com Vítimas Feridas;Pleno dia;Crescente;Nublado;Múltipla;Interseção de vias;Sim;3;0;1;0;1;1;1;1;-20.229758;-40.272825
115721.0;2018-03-04;domingo;04:50:00;101.0;288;CARIACICA;Velocidade Incompatível;Colisão com objeto estático;Sem Vítimas;Plena Noite;Decrescente;Céu Claro;Dupla;Reta;Sim;1;0;0;0;0;1;0;1;-20.28924924;-40.39398193
115850.0;2018-03-04;domingo;19:35:00;101.0;0.3;SERRA;Falta de Atenção do Pedestre;Atropelamento de Pedestre;Com Vítimas Feridas;Plena Noite;Decrescente;Nublado;Dupla;Reta;Sim;3;0;2;1;0;0;3;1;-20.23514029;-40.27450562
115840.0;2018-03-04;domingo;18:05:00;101.0;143;LINHARES;Falta de Atenção à Condução;Queda de ocupante de veículo;Com Vítimas Feridas;Plena Noite;Crescente;Nublado;Múltipla;Reta;Sim;1;0;1;0;0;0;1;1;-19.34483653;-40.06576538
115793.0;2018-03-04;domingo;16:10:00;101.0;20;PEDRO CANARIO;Falta de Atenção à Condução;Capotamento;Sem Vítimas;Pleno dia;Crescente;Sol;Simples;Reta;Não;3;0;0;0;3;0;0;1;-18.32564;-39.958439
116097.0;2018-03-05;segunda-feira;20:10:00;262.0;104;VENDA NOVA DO IMIGRANTE;Falta de Atenção à Condução;Atropelamento de Pedestre;Com Vítimas Feridas;Plena Noite;Crescente;Nublado;Simples;Interseção de vias;Sim;2;0;1;0;1;0;1;1;-20.3312;-41.1303
116007.0;2018-03-05;segunda-feira;11:30:00;393.0;1.4;CACHOEIRO DE ITAPEMIRIM;Falta de Atenção à Condução;Colisão transversal;Com Vítimas Feridas;Pleno dia;Crescente;Céu Claro;Simples;Reta;Sim;2;0;0;1;1;0;1;2;-20.83419206;-41.17195129
115980.0;2018-03-05;segunda-feira;06:20:00;262.0;140;MUNIZ FREIRE;Velocidade Incompatível;Capotamento;Com Vítimas Feridas;Amanhecer;Decrescente;Nublado;Simples;Curva;Não;1;0;1;0;0;0;1;1;-20.2273;-41.3709
116221.0;2018-03-06;terça-feira;14:00:00;101.0;272.5;SERRA;Defeito Mecânico no Veículo;Tombamento;Com Vítimas Feridas;Pleno dia;Crescente;Nublado;Dupla;Reta;Sim;2;0;2;0;0;0;2;1;-20.22447429;-40.28698057
116218.0;2018-03-06;terça-feira;14:00:00;262.0;26.3;VIANA;Objeto estático sobre o leito carroçável;Colisão com objeto estático;Com Vítimas Feridas;Pleno dia;Decrescente;Nublado;Simples;Curva;Não;2;0;0;1;1;0;1;1;-20.37938885;-40.51757813
116158.0;2018-03-06;terça-feira;07:20:00;101.0;296;CARIACICA;Falta de Atenção à Condução;Colisão lateral;Com Vítimas Feridas;Pleno dia;Decrescente;Nublado;Simples;Reta;Sim;2;0;0;1;1;0;1;2;-20.3426653;-40.4035806
116354.0;2018-03-06;terça-feira;23:55:00;101.0;66.9;SAO MATEUS;Falta de Atenção à Condução;Queda de ocupante de veículo;Com Vítimas Feridas;Plena Noite;Crescente;Céu Claro;Simples;Reta;Sim;1;0;0;1;0;0;1;1;-18.716522;-39.874359
116375.0;2018-03-07;quarta-feira;05:30:00;101.0;215.5;IBIRACU;Falta de Atenção à Condução;Derramamento de carga;Com Vítimas Feridas;Amanhecer;Crescente;Nublado;Simples;Curva;Sim;1;0;1;0;0;0;1;1;-19.83704158;-40.38059235
116387.0;2018-03-07;quarta-feira;07:00:00;262.0;6.9;CARIACICA;Falta de Atenção à Condução;Colisão traseira;Com Vítimas Feridas;Pleno dia;Crescente;Céu Claro;Dupla;Não Informado;Sim;2;0;1;0;1;0;1;2;-20.3427392;-40.4023462
116525.0;2018-03-07;quarta-feira;18:20:00;262.0;147.3;IBATIBA;Falta de Atenção à Condução;Colisão transversal;Com Vítimas Feridas;Plena Noite;Decrescente;Chuva;Simples;Curva;Não;3;0;0;1;2;0;1;3;-20.2209;-41.4191
116567.0;2018-03-07;quarta-feira;20:10:00;262.0;28.7;VIANA;Avarias e/ou desgaste excessivo no pneu;Colisão frontal;Sem Vítimas;Plena Noite;Crescente;Chuva;Simples;Curva;Não;3;0;0;0;3;0;0;2;-20.3765977;-40.5613845
117969.0;2018-03-07;quarta-feira;17:00:00;101.0;349.4;GUARAPARI;Ultrapassagem Indevida;Colisão frontal;Com Vítimas Feridas;Anoitecer;Decrescente;Céu Claro;Simples;Curva;Não;6;0;3;3;0;0;6;3;-20.6595128;-40.6483296
116465.0;2018-03-07;quarta-feira;11:50:00;262.0;158.9;IBATIBA;Falta de Atenção à Condução;Colisão lateral;Com Vítimas Feridas;Pleno dia;Crescente;Céu Claro;Simples;Reta;Sim;2;0;0;1;1;0;1;2;-20.2322;-41.5031
116778.0;2018-03-08;quinta-feira;18:30:00;262.0;107;VENDA NOVA DO IMIGRANTE;Restrição de Visibilidade;Saída de leito carroçável;Com Vítimas Feridas;Plena Noite;Decrescente;Chuva;Simples;Reta;Sim;1;0;0;1;0;0;1;1;-20.33232014;-41.15877575
116593.0;2018-03-08;quinta-feira;01:00:00;101.0;188.3;ARACRUZ;Fenômenos da Natureza;Colisão com objeto estático;Sem Vítimas;Plena Noite;Decrescente;Chuva;Simples;Curva;Não;2;0;0;0;2;0;0;1;-19.68009106;-40.27107239
116613.0;2018-03-08;quinta-feira;05:15:00;101.0;284.4;CARIACICA;Pista Escorregadia;Colisão com objeto estático;Com Vítimas Feridas;Amanhecer;Decrescente;Chuva;Dupla;Desvio Temporário;Não;1;0;1;0;0;0;1;1;-20.2478927;-40.3689421
116694.0;2018-03-08;quinta-feira;12:15:00;101.0;222.1;IBIRACU;Velocidade Incompatível;Colisão frontal;Com Vítimas Fatais;Pleno dia;Crescente;Sol;Simples;Curva;Não;4;1;2;1;0;0;3;2;-19.87073854;-40.41136567
116760.0;2018-03-08;quinta-feira;16:30:00;262.0;28;VIANA;Velocidade Incompatível;Colisão lateral;Sem Vítimas;Pleno dia;Decrescente;Chuva;Simples;Curva;Não;5;0;0;0;5;0;0;4;-20.3852;-40.5545
117049.0;2018-03-09;sexta-feira;19:35:00;101.0;297;CARIACICA;Velocidade Incompatível;Colisão traseira;Com Vítimas Feridas;Plena Noite;Decrescente;Céu Claro;Dupla;Viaduto;Sim;2;0;1;0;1;0;1;2;-20.34591456;-40.40908813
116838.0;2018-03-09;sexta-feira;03:00:00;101.0;456;MIMOSO DO SUL;Ultrapassagem Indevida;Colisão frontal;Com Vítimas Feridas;Plena Noite;Decrescente;Chuva;Simples;Reta;Não;2;0;1;0;1;0;1;2;-21.17416751;-41.29486084
116975.0;2018-03-09;sexta-feira;15:20:00;101.0;284;CARIACICA;Falta de Atenção à Condução;Capotamento;Com Vítimas Feridas;Pleno dia;Decrescente;Céu Claro;Dupla;Reta;Não;1;0;1;0;0;0;1;1;-20.36522754;-40.51208496
116992.0;2018-03-09;sexta-feira;16:15:00;101.0;443.4;MIMOSO DO SUL;Defeito Mecânico no Veículo;Incêndio;Sem Vítimas;Pleno dia;Crescente;Nublado;Simples;Reta;Não;1;0;0;0;1;0;0;1;-21.111406;-41.26327515
117013.0;2018-03-09;sexta-feira;18:00:00;101.0;164;LINHARES;Falta de Atenção à Condução;Queda de ocupante de veículo;Com Vítimas Feridas;Plena Noite;Crescente;Chuva;Simples;Reta;Não;1;0;0;1;0;0;1;1;-19.48212895;-40.11108398
117092.0;2018-03-10;sábado;00:00:00;101.0;142;LINHARES;Avarias e/ou desgaste excessivo no pneu;Colisão com objeto estático;Com Vítimas Feridas;Plena Noite;Crescente;Nublado;Dupla;Reta;Sim;4;0;0;3;0;1;3;1;-19.33410569;-40.0681901
117385.0;2018-03-10;sábado;23:20:00;262.0;159.2;IBATIBA;Desobediência às normas de trânsito pelo condutor;Colisão transversal;Com Vítimas Feridas;Plena Noite;Decrescente;Nublado;Múltipla;Interseção de vias;Sim;4;0;0;2;1;1;2;2;-20.23591542;-41.50856853
117185.0;2018-03-10;sábado;10:30:00;262.0;19;VIANA;Falta de Atenção à Condução;Colisão lateral;Com Vítimas Feridas;Pleno dia;Crescente;Nublado;Simples;Reta;Sim;2;0;1;1;0;0;2;2;-20.39354886;-40.4825592
117364.0;2018-03-10;sábado;21:58:00;101.0;170;LINHARES;Pista Escorregadia;Queda de ocupante de veículo;Com Vítimas Feridas;Plena Noite;Decrescente;Chuva;Simples;Reta;Não;2;0;2;0;0;0;2;1;-19.45234894;-40.09872437
117346.0;2018-03-10;sábado;19:10:00;101.0;16.7;PEDRO CANARIO;Ingestão de Álcool;Queda de ocupante de veículo;Com Vítimas Feridas;Plena Noite;Decrescente;Chuva;Simples;Não Informado;Não;2;0;0;1;1;0;1;1;-18.298746;-39.957325
117335.0;2018-03-10;sábado;19:20:00;262.0;161;IBATIBA;Ingestão de Álcool;Colisão frontal;Com Vítimas Feridas;Plena Noite;Decrescente;Chuva;Simples;Reta;Não;5;0;3;0;2;0;3;2;-20.2343;-41.5284
117300.0;2018-03-10;sábado;17:55:00;101.0;310.4;VIANA;Ingestão de Álcool;Colisão lateral;Sem Vítimas;Anoitecer;Crescente;Nublado;Simples;Ponte;Não;2;0;0;0;1;1;0;2;-20.43216816;-40.45955508
117279.0;2018-03-10;sábado;16:45:00;101.0;215.1;IBIRACU;Falta de Atenção à Condução;Colisão lateral;Sem Vítimas;Pleno dia;Crescente;Nublado;Dupla;Reta;Sim;2;0;0;0;2;0;0;2;-19.83911047;-40.38309569
117253.0;2018-03-10;sábado;15:15:00;101.0;0.2;SERRA;Desobediência às normas de trânsito pelo condutor;Colisão transversal;Com Vítimas Feridas;Pleno dia;Crescente;Nublado;Múltipla;Interseção de vias;Sim;2;0;1;0;0;1;1;2;-20.23601719;-40.27691854
117215.0;2018-03-10;sábado;13:00:00;101.0;230;FUNDAO;Falta de Atenção à Condução;Queda de ocupante de veículo;Com Vítimas Feridas;Pleno dia;Decrescente;Chuva;Simples;Curva;Não;2;0;1;0;1;0;1;2;-19.93389715;-40.40493943
117197.0;2018-03-10;sábado;10:45:00;101.0;257.6;SERRA;Falta de Atenção à Condução;Colisão transversal;Com Vítimas Feridas;Pleno dia;Crescente;Nublado;Dupla;Rotatória;Sim;2;0;1;0;1;0;1;2;-20.12844402;-40.29902749
117194.0;2018-03-10;sábado;11:00:00;101.0;146.7;LINHARES;Falta de Atenção à Condução;Colisão traseira;Com Vítimas Feridas;Pleno dia;Crescente;Céu Claro;Dupla;Reta;Sim;2;0;0;1;1;0;1;2;-19.37518279;-40.06636888
117190.0;2018-03-10;sábado;10:40:00;101.0;246.1;SERRA;Falta de Atenção à Condução;Capotamento;Sem Vítimas;Pleno dia;Crescente;Nublado;Dupla;Não Informado;Sim;2;0;0;0;1;1;0;2;-20.07334546;-40.35529912
117134.0;2018-03-10;sábado;04:40:00;262.0;174;IBATIBA;Condutor Dormindo;Colisão com objeto estático;Com Vítimas Feridas;Amanhecer;Decrescente;Chuva;Simples;Não Informado;Não;1;0;1;0;0;0;1;1;-20.26926253;-41.60920836
117365.0;2018-03-10;sábado;22:40:00;101.0;221;IBIRACU;Falta de Atenção à Condução;Colisão traseira;Com Vítimas Feridas;Plena Noite;Crescente;Chuva;Simples;Reta;Não;2;0;2;0;0;0;2;2;-19.86662917;-40.39870262
117543.0;2018-03-11;domingo;16:10:00;101.0;359;ANCHIETA;Velocidade Incompatível;Colisão frontal;Com Vítimas Fatais;Pleno dia;Decrescente;Chuva;Simples;Reta;Não;4;2;0;1;1;0;1;2;-20.69766;-40.7114856
117433.0;2018-03-11;domingo;06:55:00;101.0;216;IBIRACU;Falta de Atenção à Condução;Capotamento;Com Vítimas Feridas;Pleno dia;Crescente;Chuva;Simples;Curva;Não;2;0;0;1;1;0;1;1;-19.829673;-40.369799
117448.0;2018-03-11;domingo;00:10:00;101.0;126;SOORETAMA;Ingestão de Álcool;Colisão traseira;Sem Vítimas;Plena Noite;Crescente;Céu Claro;Simples;Reta;Sim;2;0;0;0;2;0;0;2;-19.19705344;-40.0932312
117552.0;2018-03-11;domingo;17:00:00;101.0;143.8;LINHARES;Desobediência às normas de trânsito pelo condutor;Colisão transversal;Com Vítimas Feridas;Pleno dia;Decrescente;Nublado;Múltipla;Não Informado;Sim;3;0;1;1;1;0;2;2;-19.36427174;-40.06439209
117580.0;2018-03-11;domingo;19:00:00;262.0;48.8;MARECHAL FLORIANO;Pista Escorregadia;Saída de leito carroçável;Com Vítimas Feridas;Plena Noite;Crescente;Chuva;Simples;Curva;Sim;1;0;0;1;0;0;1;1;-20.4121;-40.6965
117588.0;2018-03-11;domingo;18:55:00;101.0;203.8;JOAO NEIVA;Desobediência às normas de trânsito pelo condutor;Colisão frontal;Com Vítimas Fatais;Plena Noite;Crescente;Chuva;Dupla;Reta;Sim;5;1;0;2;1;1;2;3;-19.76541117;-40.37475586
117608.0;2018-03-11;domingo;08:20:00;101.0;71.1;SAO MATEUS;Falta de Atenção à Condução;Colisão lateral;Com Vítimas Feridas;Plena Noite;Crescente;Nublado;Simples;Reta;Não;2;0;1;0;0;1;1;2;-18.720545;-39.865883
117631.0;2018-03-11;domingo;22:40:00;101.0;233;FUNDAO;Avarias e/ou desgaste excessivo no pneu;Tombamento;Com Vítimas Feridas;Plena Noite;Decrescente;Chuva;Simples;Reta;Não;1;0;1;0;0;0;1;1;-20.00178;-40.413221
117792.0;2018-03-12;segunda-feira;15:15:00;259.0;47;COLATINA;Desobediência às normas de trânsito pelo condutor;Colisão lateral;Com Vítimas Feridas;Pleno dia;Crescente;Céu Claro;Simples;Curva;Sim;2;0;1;0;1;0;1;2;-19.5249464;-40.5906587
143958.0;2018-03-12;segunda-feira;14:10:00;101.0;116.7;SOORETAMA;Desobediência às normas de trânsito pelo condutor;Colisão lateral;Com Vítimas Feridas;Pleno dia;Decrescente;Céu Claro;Simples;Reta;Não;3;0;1;0;2;0;1;2;-19.2579977;-40.09185791
117662.0;2018-03-12;segunda-feira;00:01:00;262.0;44.3;MARECHAL FLORIANO;Restrição de Visibilidade;Saída de leito carroçável;Com Vítimas Feridas;Plena Noite;Crescente;Chuva;Simples;Reta;Não;2;0;1;0;0;1;1;2;-20.392057;-40.6703295
117790.0;2018-03-12;segunda-feira;14:40:00;101.0;181;ARACRUZ;Defeito Mecânico no Veículo;Queda de ocupante de veículo;Com Vítimas Feridas;Pleno dia;Decrescente;Céu Claro;Simples;Reta;Não;2;0;1;0;1;0;1;1;-19.63038083;-40.22528172
117846.0;2018-03-12;segunda-feira;18:10:00;262.0;94;DOMINGOS MARTINS;Desobediência às normas de trânsito pelo condutor;Colisão lateral;Com Vítimas Feridas;Plena Noite;Crescente;Céu Claro;Simples;Reta;Não;4;0;2;0;2;0;2;3;-20.3819635;-41.03187561
117731.0;2018-03-12;segunda-feira;08:15:00;259.0;55.1;COLATINA;Objeto estático sobre o leito carroçável;Saída de leito carroçável;Com Vítimas Feridas;Pleno dia;Decrescente;Céu Claro;Simples;Reta;Não;1;0;1;0;0;0;1;1;-19.50163314;-40.65600873
117852.0;2018-03-12;segunda-feira;18:50:00;101.0;310.7;VILA VELHA;Falta de Atenção à Condução;Colisão com objeto estático;Com Vítimas Fatais;Plena Noite;Crescente;Céu Claro;Simples;Reta;Não;1;1;0;0;0;0;0;1;-20.432292;-40.459481
117770.0;2018-03-12;segunda-feira;13:38:00;101.0;295;CARIACICA;Defeito Mecânico no Veículo;Queda de ocupante de veículo;Com Vítimas Feridas;Pleno dia;Decrescente;Céu Claro;Múltipla;Reta;Sim;2;0;1;1;0;0;2;1;-20.33261445;-40.40011615
118086.0;2018-03-13;terça-feira;22:40:00;101.0;146.7;LINHARES;Carga excessiva e/ou mal acondicionada;Colisão com objeto estático;Sem Vítimas;Plena Noite;Crescente;Céu Claro;Múltipla;Interseção de vias;Sim;1;0;0;0;1;0;0;1;-19.3940679;-40.06439209