id;data_inversa;dia_semana;horario;br;km;municipio;causa_acidente;tipo_acidente;classificacao_acidente;fase_dia;sentido_via;condicao_metereologica;tipo_pista;tracado_via;uso_solo;pessoas;mortos;feridos_leves;feridos_graves;ilesos;ignorados;feridos;veiculos;latitude;longitude
133465.0;2018-05-11;sexta-feira;14:25:00;101.0;358;ANCHIETA;Falta de Atenção à Condução;Colisão traseira;Com Vítimas Feridas;Pleno dia;Crescente;Céu Claro;Múltipla;Não Informado;Não;2;0;0;1;1;0;1;2;-20.69051717;-40.70163667
133484.0;2018-05-11;sexta-feira;16:00:00;262.0;6.9;CARIACICA;Desobediência às normas de trânsito pelo condutor;Colisão transversal;Com Vítimas Feridas;Pleno dia;Decrescente;Céu Claro;Simples;Viaduto;Sim;2;0;1;0;1;0;1;2;-20.3431875;-40.4032614
133500.0;2018-05-11;sexta-feira;17:40:00;262.0;104;VENDA NOVA DO IMIGRANTE;Ingestão de Álcool;Colisão traseira;Sem Vítimas;Anoitecer;Crescente;Nublado;Simples;Rotatória;Sim;2;0;0;0;2;0;0;2;-20.33287128;-41.12957239
133509.0;2018-05-11;sexta-feira;17:55:00;101.0;147.9;LINHARES;Não guardar distância de segurança;Colisão traseira;Com Vítimas Feridas;Plena Noite;Decrescente;Nublado;Múltipla;Reta;Sim;2;0;1;0;0;1;1;2;-19.39228676;-40.06683826
133584.0;2018-05-11;sexta-feira;21:40:00;101.0;141.8;LINHARES;Não guardar distância de segurança;Colisão traseira;Com Vítimas Feridas;Plena Noite;Crescente;Céu Claro;Simples;Reta;Sim;2;0;0;1;1;0;1;2;-19.33025861;-40.07031441
133503.0;2018-05-11;sexta-feira;17:20:00;101.0;253.9;SERRA;Desobediência às normas de trânsito pelo condutor;Colisão transversal;Com Vítimas Feridas;Anoitecer;Crescente;Céu Claro;Simples;Reta;Sim;3;0;1;0;2;0;1;2;-20.11300392;-40.3248024
133689.0;2018-05-12;sábado;11:10:00;262.0;4.1;CARIACICA;Falta de Atenção à Condução;Colisão traseira;Com Vítimas Feridas;Pleno dia;Crescente;Céu Claro;Múltipla;Reta;Não;4;0;1;1;2;0;2;2;-20.3362;-40.3783
133660.0;2018-05-12;sábado;07:19:00;101.0;287;SAO MATEUS;Falta de Atenção à Condução;Capotamento;Com Vítimas Feridas;Pleno dia;Crescente;Céu Claro;Dupla;Reta;Não;1;0;0;1;0;0;1;1;-18.720545;-39.865883
133664.0;2018-05-12;sábado;12:10:00;101.0;302.5;VIANA;Falta de Atenção à Condução;Colisão lateral;Com Vítimas Feridas;Pleno dia;Decrescente;Céu Claro;Dupla;Curva;Não;2;0;1;0;1;0;1;2;-20.3763314;-40.44346333
133667.0;2018-05-12;sábado;15:00:00;101.0;259.6;SERRA;Desobediência às normas de trânsito pelo pedestre;Atropelamento de Pedestre;Com Vítimas Feridas;Pleno dia;Decrescente;Céu Claro;Simples;Reta;Sim;3;0;0;1;1;1;1;1;-20.14419162;-40.29089928
133677.0;2018-05-12;sábado;09:00:00;101.0;17;PEDRO CANARIO;Falta de Atenção do Pedestre;Atropelamento de Pedestre;Com Vítimas Feridas;Pleno dia;Crescente;Céu Claro;Simples;Curva;Não;2;0;1;0;1;0;1;1;-18.307058;-39.957275
133680.0;2018-05-12;sábado;15:50:00;101.0;41;CONCEICAO DA BARRA;Velocidade Incompatível;Saída de leito carroçável;Com Vítimas Feridas;Pleno dia;Decrescente;Céu Claro;Simples;Desvio Temporário;Não;1;0;1;0;0;0;1;1;-18.508413;-39.915905
133727.0;2018-05-12;sábado;19:00:00;101.0;271;SERRA;Desobediência às normas de trânsito pelo condutor;Colisão transversal;Com Vítimas Feridas;Plena Noite;Decrescente;Céu Claro;Dupla;Reta;Não;3;0;0;2;1;0;2;2;-20.22885856;-40.28253078
133776.0;2018-05-12;sábado;19:50:00;262.0;1;CARIACICA;Defeito na Via;Tombamento;Com Vítimas Feridas;Plena Noite;Crescente;Céu Claro;Dupla;Curva;Sim;1;0;0;1;0;0;1;1;-20.3286;-40.355
133964.0;2018-05-13;domingo;10:45:00;101.0;299.8;VIANA;Velocidade Incompatível;Colisão com objeto estático;Com Vítimas Feridas;Pleno dia;Decrescente;Céu Claro;Dupla;Curva;Sim;4;0;0;2;0;2;2;1;-20.35786475;-40.43108761
134157.0;2018-05-13;domingo;22:05:00;101.0;310.9;VIANA;Condutor Dormindo;Saída de leito carroçável;Com Vítimas Feridas;Plena Noite;Crescente;Nublado;Simples;Ponte;Não;1;0;1;0;0;0;1;1;-20.43221074;-40.4595539
133895.0;2018-05-13;domingo;06:30:00;101.0;143.9;LINHARES;Ingestão de Álcool;Saída de leito carroçável;Com Vítimas Feridas;Pleno dia;Crescente;Céu Claro;Múltipla;Curva;Sim;4;0;3;0;1;0;3;1;-19.35037378;-40.06358743
134140.0;2018-05-13;domingo;18:20:00;101.0;258.2;SERRA;Falta de Atenção à Condução;Colisão traseira;Com Vítimas Feridas;Plena Noite;Crescente;Céu Claro;Dupla;Reta;Sim;3;0;1;0;2;0;1;2;-20.12939436;-40.29780328
134137.0;2018-05-13;domingo;17:30:00;262.0;112.1;VENDA NOVA DO IMIGRANTE;Ingestão de Álcool;Colisão lateral;Sem Vítimas;Anoitecer;Crescente;Nublado;Simples;Reta;Não;2;0;0;0;2;0;0;2;-20.3374364;-41.20080616
134057.0;2018-05-13;domingo;16:30:00;101.0;364;GUARAPARI;Desobediência às normas de trânsito pelo condutor;Saída de leito carroçável;Com Vítimas Feridas;Pleno dia;Decrescente;Nublado;Simples;Curva;Não;1;0;1;0;0;0;1;1;-20.6585915;-40.6141375
134086.0;2018-05-13;domingo;18:00:00;101.0;190;LINHARES;Falta de Atenção à Condução;Queda de ocupante de veículo;Com Vítimas Feridas;Plena Noite;Crescente;Céu Claro;Simples;Reta;Não;1;0;0;1;0;0;1;1;-19.70174858;-40.31587601
134129.0;2018-05-13;domingo;20:30:00;101.0;141;LINHARES;Falta de Atenção à Condução;Colisão traseira;Com Vítimas Feridas;Plena Noite;Crescente;Céu Claro;Simples;Reta;Sim;7;0;5;0;2;0;5;4;-19.30511943;-40.08198738
134135.0;2018-05-13;domingo;15:00:00;101.0;265.2;SERRA;Ingestão de Álcool;Tombamento;Com Vítimas Feridas;Pleno dia;Decrescente;Céu Claro;Dupla;Desvio Temporário;Sim;3;0;2;1;0;0;3;1;-20.1814153;-40.26532173
134228.0;2018-05-14;segunda-feira;07:20:00;101.0;212.7;IBIRACU;Não guardar distância de segurança;Colisão traseira;Com Vítimas Feridas;Pleno dia;Crescente;Nublado;Simples;Reta;Sim;3;0;1;1;1;0;2;2;-19.82267468;-40.3700915
134200.0;2018-05-14;segunda-feira;04:00:00;101.0;268.2;SERRA;Condutor Dormindo;Colisão com objeto estático;Com Vítimas Feridas;Amanhecer;Crescente;Nublado;Múltipla;Reta;Não;1;0;1;0;0;0;1;1;-20.20795792;-40.2694416
134379.0;2018-05-14;segunda-feira;19:25:00;101.0;297;VIANA;Falta de Atenção à Condução;Colisão traseira;Com Vítimas Feridas;Plena Noite;Crescente;Chuva;Dupla;Reta;Sim;2;0;1;0;1;0;1;2;-20.3498182;-40.4130976
134322.0;2018-05-14;segunda-feira;16:00:00;101.0;266.4;SERRA;Não guardar distância de segurança;Colisão traseira;Com Vítimas Feridas;Pleno dia;Decrescente;Nublado;Dupla;Reta;Sim;3;0;1;0;2;0;1;2;-20.19583507;-40.26879787
136665.0;2018-05-15;terça-feira;09:00:00;101.0;246.7;SERRA;Falta de Atenção à Condução;Colisão lateral;Com Vítimas Fatais;Pleno dia;Decrescente;Chuva;Simples;Reta;Não;11;1;3;3;2;2;6;5;-20.0672487;-40.37264228
134534.0;2018-05-15;terça-feira;17:38:00;101.0;68;SAO MATEUS;Ingestão de Álcool;Colisão com objeto em movimento;Com Vítimas Feridas;Plena Noite;Crescente;Céu Claro;Simples;Reta;Sim;2;0;0;2;0;0;2;2;-18.8142412;-39.9011904
134537.0;2018-05-15;terça-feira;17:00:00;101.0;293.2;CARIACICA;Não guardar distância de segurança;Colisão lateral;Com Vítimas Feridas;Pleno dia;Crescente;Nublado;Múltipla;Reta;Sim;2;0;0;1;1;0;1;2;-20.31686008;-40.39636005
134545.0;2018-05-15;terça-feira;12:30:00;101.0;65.4;SAO MATEUS;Falta de Atenção à Condução;Tombamento;Com Vítimas Feridas;Pleno dia;Crescente;Chuva;Simples;Viaduto;Sim;1;0;0;1;0;0;1;1;-18.71320346;-39.87839699
134557.0;2018-05-15;terça-feira;19:10:00;101.0;146.7;LINHARES;Falta de Atenção à Condução;Atropelamento de Pedestre;Com Vítimas Feridas;Plena Noite;Crescente;Nublado;Múltipla;Interseção de vias;Sim;2;0;0;1;1;0;1;1;-19.37554344;-40.06635547
134530.0;2018-05-15;terça-feira;16:50:00;101.0;21.1;CONCEICAO DA BARRA;Ingestão de Álcool;Tombamento;Com Vítimas Feridas;Pleno dia;Crescente;Chuva;Simples;Reta;Não;1;0;1;0;0;0;1;1;-18.32348999;-39.95833486
134426.0;2018-05-15;terça-feira;06:55:00;101.0;126;SOORETAMA;Falta de Atenção à Condução;Colisão transversal;Com Vítimas Feridas;Pleno dia;Crescente;Garoa/Chuvisco;Múltipla;Reta;Sim;2;0;1;0;1;0;1;2;-19.19422145;-40.09529382
134784.0;2018-05-16;quarta-feira;22:45:00;262.0;90;DOMINGOS MARTINS;Não guardar distância de segurança;Tombamento;Com Vítimas Feridas;Plena Noite;Decrescente;Nublado;Simples;Reta;Sim;1;0;1;0;0;0;1;1;-20.38138018;-41.02425277
134608.0;2018-05-16;quarta-feira;04:15:00;101.0;29;CONCEICAO DA BARRA;Defeito na Via;Tombamento;Com Vítimas Feridas;Amanhecer;Crescente;Céu Claro;Simples;Reta;Não;1;0;0;1;0;0;1;1;-18.42526264;-39.93490577
134612.0;2018-05-16;quarta-feira;05:10:00;101.0;380;RIO NOVO DO SUL;Velocidade Incompatível;Saída de leito carroçável;Com Vítimas Feridas;Plena Noite;Decrescente;Céu Claro;Simples;Reta;Não;1;0;1;0;0;0;1;1;-20.8064137;-40.8325646
134655.0;2018-05-16;quarta-feira;10:00:00;101.0;298;VIANA;Desobediência às normas de trânsito pelo condutor;Colisão lateral;Com Vítimas Feridas;Pleno dia;Decrescente;Céu Claro;Múltipla;Reta;Sim;2;0;1;0;0;1;1;2;-20.35420334;-40.41505337
134754.0;2018-05-16;quarta-feira;18:50:00;101.0;268.7;SERRA;Desobediência às normas de trânsito pelo condutor;Colisão traseira;Com Vítimas Fatais;Plena Noite;Crescente;Céu Claro;Múltipla;Reta;Sim;2;1;0;0;1;0;0;2;-20.21452239;-40.27010679
134717.0;2018-05-16;quarta-feira;16:00:00;101.0;357.7;ANCHIETA;Restrição de Visibilidade;Colisão traseira;Com Vítimas Feridas;Pleno dia;Crescente;Sol;Simples;Interseção de vias;Não;3;0;0;1;2;0;1;2;-20.69020602;-40.7017386
134888.0;2018-05-17;quinta-feira;11:30:00;259.0;97.5;BAIXO GUANDU;Falta de Atenção à Condução;Colisão lateral;Com Vítimas Feridas;Pleno dia;Crescente;Nublado;Simples;Reta;Não;3;0;1;0;2;0;1;2;-19.504383;-40.952278
134867.0;2018-05-17;quinta-feira;13:00:00;101.0;270.8;SERRA;Avarias e/ou desgaste excessivo no pneu;Tombamento;Com Vítimas Feridas;Pleno dia;Crescente;Nublado;Múltipla;Curva;Sim;1;0;1;0;0;0;1;1;-20.23203972;-40.27455389
134859.0;2018-05-17;quinta-feira;11:30:00;101.0;343;GUARAPARI;Ultrapassagem Indevida;Colisão lateral;Com Vítimas Feridas;Pleno dia;Crescente;Céu Claro;Simples;Reta;Não;3;0;0;1;2;0;1;3;-20.6631442;-40.59220791
135154.0;2018-05-18;sexta-feira;21:20:00;101.0;269.7;SERRA;Velocidade Incompatível;Colisão traseira;Com Vítimas Feridas;Plena Noite;Crescente;Céu Claro;Múltipla;Interseção de vias;Sim;3;0;1;0;2;0;1;2;-20.22307492;-40.27046529
135021.0;2018-05-18;sexta-feira;07:45:00;101.0;301.5;VIANA;Velocidade Incompatível;Colisão traseira;Com Vítimas Feridas;Pleno dia;Decrescente;Céu Claro;Simples;Curva;Sim;3;0;2;0;1;0;2;2;-20.36520742;-40.4434365
135056.0;2018-05-18;sexta-feira;13:40:00;262.0;177.3;IBATIBA;Defeito Mecânico no Veículo;Tombamento;Com Vítimas Feridas;Pleno dia;Decrescente;Céu Claro;Simples;Curva;Não;1;0;1;0;0;0;1;1;-20.28075571;-41.64932013
135105.0;2018-05-18;sexta-feira;17:00:00;262.0;94;DOMINGOS MARTINS;Desobediência às normas de trânsito pelo condutor;Colisão transversal;Com Vítimas Feridas;Plena Noite;Crescente;Céu Claro;Simples;Rotatória;Não;3;0;1;1;1;0;2;2;-20.37375667;-41.05879426
135108.0;2018-05-18;sexta-feira;18:18:00;101.0;147.1;LINHARES;Falta de Atenção à Condução;Colisão transversal;Com Vítimas Feridas;Plena Noite;Crescente;Céu Claro;Múltipla;Reta;Sim;2;0;1;0;1;0;1;2;-19.37935774;-40.06668538
135119.0;2018-05-18;sexta-feira;18:10:00;101.0;270.7;SERRA;Falta de Atenção à Condução;Colisão lateral;Com Vítimas Feridas;Plena Noite;Decrescente;Nublado;Dupla;Reta;Sim;2;0;1;0;1;0;1;2;-20.23395242;-40.27543902
135014.0;2018-05-18;sexta-feira;08:15:00;101.0;269;SERRA;Falta de Atenção à Condução;Colisão lateral;Com Vítimas Feridas;Pleno dia;Crescente;Nublado;Múltipla;Reta;Sim;2;0;1;0;1;0;1;2;-20.205759;-40.269458
135152.0;2018-05-18;sexta-feira;19:00:00;101.0;268.5;SERRA;Falta de Atenção à Condução;Colisão traseira;Com Vítimas Feridas;Plena Noite;Crescente;Céu Claro;Simples;Reta;Sim;3;0;0;1;2;0;1;3;-20.21595204;-40.27023554
135273.0;2018-05-19;sábado;13:55:00;101.0;144.1;LINHARES;Desobediência às normas de trânsito pelo condutor;Colisão transversal;Com Vítimas Feridas;Pleno dia;Crescente;Sol;Múltipla;Interseção de vias;Sim;2;0;0;1;1;0;1;2;-19.40572578;-40.06507874
135310.0;2018-05-19;sábado;16:30:00;101.0;140;LINHARES;Desobediência às normas de trânsito pelo condutor;Atropelamento de Pedestre;Com Vítimas Feridas;Pleno dia;Crescente;Céu Claro;Dupla;Reta;Não;2;0;1;0;1;0;1;1;-19.36696599;-40.06526015
135170.0;2018-05-19;sábado;00:10:00;262.0;115.4;CONCEICAO DO CASTELO;Ultrapassagem Indevida;Colisão frontal;Com Vítimas Feridas;Plena Noite;Crescente;Céu Claro;Simples;Interseção de vias;Sim;5;0;2;1;2;0;3;3;-20.3200479;-41.22269991
135187.0;2018-05-19;sábado;02:20:00;101.0;68.3;SAO MATEUS;Falta de Atenção à Condução;Colisão com objeto estático;Com Vítimas Feridas;Plena Noite;Crescente;Nublado;Simples;Curva;Sim;2;0;0;2;0;0;2;1;-18.72939023;-39.86024648
135198.0;2018-05-19;sábado;05:30:00;101.0;310.9;VILA VELHA;Condutor Dormindo;Colisão com objeto estático;Com Vítimas Feridas;Amanhecer;Crescente;Céu Claro;Simples;Reta;Não;1;0;0;1;0;0;1;1;-20.4324755;-40.45952
135206.0;2018-05-19;sábado;05:50:00;101.0;269;SERRA;Falta de Atenção à Condução;Queda de ocupante de veículo;Com Vítimas Feridas;Pleno dia;Crescente;Céu Claro;Múltipla;Reta;Sim;1;0;1;0;0;0;1;1;-20.22563707;-40.27085781
135368.0;2018-05-19;sábado;20:55:00;101.0;376.8;ICONHA;Desobediência às normas de trânsito pelo condutor;Colisão transversal;Com Vítimas Feridas;Plena Noite;Decrescente;Céu Claro;Simples;Reta;Sim;2;0;0;1;1;0;1;2;-20.79334995;-40.80150604
135253.0;2018-05-19;sábado;09:10:00;262.0;4;CARIACICA;Falta de Atenção à Condução;Queda de ocupante de veículo;Com Vítimas Feridas;Pleno dia;Decrescente;Céu Claro;Múltipla;Reta;Sim;1;0;0;1;0;0;1;1;-20.33669981;-40.37870407
135339.0;2018-05-19;sábado;18:35:00;101.0;177;ARACRUZ;Falta de Atenção à Condução;Colisão transversal;Com Vítimas Feridas;Plena Noite;Decrescente;Céu Claro;Simples;Interseção de vias;Não;2;0;1;0;1;0;1;2;-19.5533198;-40.17082214
135256.0;2018-05-19;sábado;12:25:00;101.0;329.1;GUARAPARI;Velocidade Incompatível;Saída de leito carroçável;Com Vítimas Feridas;Pleno dia;Crescente;Céu Claro;Simples;Curva;Não;1;0;0;1;0;0;1;1;-20.5860602;-40.4975117
148171.0;2018-05-20;domingo;02:20:00;101.0;130;SOORETAMA;Ingestão de Álcool;Capotamento;Com Vítimas Feridas;Pleno dia;Crescente;Céu Claro;Simples;Reta;Não;2;0;1;1;0;0;2;1;-19.22999282;-40.09237679
135526.0;2018-05-20;domingo;15:30:00;101.0;128.9;LINHARES;Ingestão de Álcool;Colisão frontal;Com Vítimas Feridas;Pleno dia;Crescente;Nublado;Simples;Não Informado;Não;4;0;2;0;2;0;2;3;-19.2213469;-40.09365499
136821.0;2018-05-20;domingo;17:23:00;101.0;287.1;CARIACICA;Falta de Atenção do Pedestre;Atropelamento de Pedestre;Com Vítimas Fatais;Anoitecer;Crescente;Nublado;Dupla;Reta;Sim;5;1;0;0;1;3;0;2;-20.2656041;-40.3854451
135630.0;2018-05-20;domingo;23:20:00;259.0;60;COLATINA;Velocidade Incompatível;Colisão lateral;Com Vítimas Fatais;Plena Noite;Decrescente;Nublado;Simples;Reta;Não;4;1;2;1;0;0;3;2;-19.525307;-40.674618
182708.0;2018-05-20;domingo;12:50:00;101.0;15.7;PEDRO CANARIO;Falta de Atenção à Condução;Colisão lateral;Com Vítimas Feridas;Pleno dia;Crescente;Céu Claro;Simples;Curva;Não;3;0;0;2;1;0;2;2;-18.290127;-39.9548
135420.0;2018-05-20;domingo;03:30:00;101.0;148;LINHARES;Falta de Atenção à Condução;Tombamento;Com Vítimas Feridas;Plena Noite;Decrescente;Céu Claro;Múltipla;Reta;Sim;1;0;1;0;0;0;1;1;-19.4005446;-40.06164551
135429.0;2018-05-20;domingo;04:00:00;101.0;80.1;SAO MATEUS;Falta de Atenção à Condução;Colisão traseira;Com Vítimas Fatais;Plena Noite;Decrescente;Nevoeiro/Neblina;Simples;Desvio Temporário;Não;4;1;0;3;0;0;3;3;-18.8225088;-39.90755043
135438.0;2018-05-20;domingo;05:50:00;262.0;32;DOMINGOS MARTINS;Falta de Atenção à Condução;Saída de leito carroçável;Com Vítimas Feridas;Amanhecer;Decrescente;Céu Claro;Simples;Curva;Não;3;0;2;0;1;0;2;1;-20.379564;-40.576733
135448.0;2018-05-20;domingo;06:30:00;101.0;270.4;SERRA;Velocidade Incompatível;Colisão traseira;Sem Vítimas;Pleno dia;Crescente;Nublado;Múltipla;Reta;Sim;2;0;0;0;2;0;0;2;-20.1215224;-40.3077898
135609.0;2018-05-20;domingo;21:40:00;101.0;287;CARIACICA;Animais na Pista;Atropelamento de Animal;Com Vítimas Feridas;Plena Noite;Decrescente;Céu Claro;Dupla;Reta;Sim;1;0;0;1;0;0;1;1;-20.26437;-40.420345
135487.0;2018-05-20;domingo;11:00:00;101.0;49.2;CONCEICAO DA BARRA;Ultrapassagem Indevida;Colisão com objeto estático;Com Vítimas Feridas;Pleno dia;Decrescente;Sol;Simples;Reta;Não;3;0;2;0;1;0;2;1;-18.57725;-39.894962
135498.0;2018-05-20;domingo;11:40:00;101.0;209;IBIRACU;Carga excessiva e/ou mal acondicionada;Tombamento;Com Vítimas Feridas;Pleno dia;Decrescente;Céu Claro;Dupla;Reta;Não;2;0;0;2;0;0;2;1;-19.79125675;-40.37132263
135580.0;2018-05-20;domingo;18:37:00;101.0;132;LINHARES;Não guardar distância de segurança;Colisão traseira;Com Vítimas Feridas;Pleno dia;Decrescente;Nublado;Simples;Reta;Não;3;0;2;0;1;0;2;2;-19.22882508;-40.0932312
135506.0;2018-05-20;domingo;13:20:00;262.0;91.3;DOMINGOS MARTINS;Defeito Mecânico no Veículo;Tombamento;Com Vítimas Feridas;Pleno dia;Decrescente;Nublado;Simples;Curva;Sim;2;0;2;0;0;0;2;1;-20.3789;-41.0316
135522.0;2018-05-20;domingo;15:30:00;101.0;275.5;SERRA;Velocidade Incompatível;Capotamento;Com Vítimas Feridas;Pleno dia;Decrescente;Céu Claro;Dupla;Reta;Não;2;0;1;1;0;0;2;1;-20.0967043;-40.3392769
135586.0;2018-05-20;domingo;18:40:00;101.0;57.9;SAO MATEUS;Falta de Atenção à Condução;Colisão transversal;Com Vítimas Feridas;Plena Noite;Decrescente;Céu Claro;Simples;Reta;Não;3;0;2;0;1;0;2;2;-18.64686525;-39.87404108
135638.0;2018-05-21;segunda-feira;00:05:00;101.0;126;LINHARES;Falta de Atenção à Condução;Queda de ocupante de veículo;Com Vítimas Feridas;Plena Noite;Crescente;Nublado;Múltipla;Reta;Sim;2;0;2;0;0;0;2;1;-19.19353751;-40.09511143
135718.0;2018-05-21;segunda-feira;15:00:00;101.0;292;VIANA;Falta de Atenção à Condução;Colisão traseira;Com Vítimas Feridas;Pleno dia;Decrescente;Céu Claro;Múltipla;Retorno Regulamentado;Sim;3;0;1;0;2;0;1;2;-20.32905665;-40.39775848
135739.0;2018-05-21;segunda-feira;16:50:00;101.0;271;SERRA;Falta de Atenção do Pedestre;Atropelamento de Pedestre;Com Vítimas Feridas;Pleno dia;Crescente;Céu Claro;Dupla;Curva;Sim;2;0;1;0;1;0;1;1;-20.23224106;-40.27659237
135749.0;2018-05-21;segunda-feira;17:50:00;101.0;269.4;SERRA;Desobediência às normas de trânsito pelo condutor;Colisão transversal;Com Vítimas Feridas;Plena Noite;Crescente;Céu Claro;Múltipla;Interseção de vias;Sim;2;0;1;0;1;0;1;2;-20.22176112;-40.27036428
135793.0;2018-05-21;segunda-feira;22:30:00;259.0;35.8;COLATINA;Falta de Atenção à Condução;Saída de leito carroçável;Com Vítimas Feridas;Plena Noite;Crescente;Céu Claro;Simples;Reta;Não;1;0;1;0;0;0;1;1;-19.55459367;-40.50117373
135844.0;2018-05-22;terça-feira;09:00:00;101.0;267.8;SERRA;Falta de Atenção à Condução;Colisão traseira;Sem Vítimas;Pleno dia;Crescente;Céu Claro;Múltipla;Interseção de vias;Sim;3;0;0;0;3;0;0;3;-20.20571768;-40.26961595
135850.0;2018-05-22;terça-feira;11:30:00;101.0;307;VIANA;Avarias e/ou desgaste excessivo no pneu;Tombamento;Com Vítimas Feridas;Pleno dia;Decrescente;Céu Claro;Simples;Curva;Não;2;0;2;0;0;0;2;1;-20.400243;-40.455797
135854.0;2018-05-22;terça-feira;11:45:00;393.0;1.2;CACHOEIRO DE ITAPEMIRIM;Ultrapassagem Indevida;Colisão lateral;Com Vítimas Feridas;Pleno dia;Decrescente;Céu Claro;Simples;Não Informado;Sim;2;0;1;0;1;0;1;2;-20.83720491;-41.16754082
135932.0;2018-05-22;terça-feira;20:00:00;101.0;144;LINHARES;Falta de Atenção à Condução;Colisão traseira;Com Vítimas Feridas;Plena Noite;Decrescente;Céu Claro;Múltipla;Interseção de vias;Sim;2;0;1;0;1;0;1;2;-19.35347132;-40.06402194
136043.0;2018-05-23;quarta-feira;17:20:00;101.0;141;LINHARES;Falta de Atenção à Condução;Queda de ocupante de veículo;Com Vítimas Feridas;Anoitecer;Crescente;Céu Claro;Múltipla;Reta;Sim;2;0;1;1;0;0;2;1;-19.32720021;-40.07173159
136067.0;2018-05-23;quarta-feira;19:00:00;101.0;266.5;SERRA;Não guardar distância de segurança;Colisão traseira;Com Vítimas Feridas;Plena Noite;Decrescente;Céu Claro;Múltipla;Reta;Sim;3;0;1;0;2;0;1;2;-20.19481807;-40.26847064
136073.0;2018-05-23;quarta-feira;19:55:00;101.0;299;SAO MATEUS;Defeito Mecânico no Veículo;Queda de ocupante de veículo;Com Vítimas Feridas;Plena Noite;Crescente;Céu Claro;Dupla;Reta;Sim;1;0;1;0;0;0;1;1;-18.7208127;-39.8659442
136107.0;2018-05-23;quarta-feira;22:10:00;259.0;57.6;COLATINA;Falta de Atenção à Condução;Colisão transversal;Com Vítimas Feridas;Plena Noite;Decrescente;Céu Claro;Simples;Interseção de vias;Sim;2;0;0;1;1;0;1;2;-19.5183148;-40.6631577
136009.0;2018-05-23;quarta-feira;11:20:00;259.0;6.7;JOAO NEIVA;Defeito na Via;Capotamento;Com Vítimas Feridas;Pleno dia;Crescente;Céu Claro;Simples;Ponte;Não;1;0;1;0;0;0;1;1;-19.6909909;-40.38837075
135960.0;2018-05-23;quarta-feira;05:35:00;101.0;67;SERRA;Ingestão de Substâncias Psicoativas;Atropelamento de Pedestre;Com Vítimas Feridas;Amanhecer;Decrescente;Céu Claro;Múltipla;Curva;Sim;2;0;0;1;1;0;1;1;-20.096815;-40.339489
136228.0;2018-05-24;quinta-feira;19:35:00;101.0;266.1;SERRA;Falta de Atenção à Condução;Colisão com objeto estático;Com Vítimas Feridas;Plena Noite;Decrescente;Céu Claro;Múltipla;Reta;Sim;1;0;1;0;0;0;1;1;-20.0967069;-40.339273
136210.0;2018-05-24;quinta-feira;17:40:00;101.0;68.3;SAO MATEUS;Desobediência às normas de trânsito pelo condutor;Colisão transversal;Com Vítimas Feridas;Anoitecer;Crescente;Céu Claro;Simples;Desvio Temporário;Sim;2;0;1;0;1;0;1;2;-18.72942071;-39.86005068
136171.0;2018-05-24;quinta-feira;12:38:00;259.0;58.7;COLATINA;Desobediência às normas de trânsito pelo condutor;Colisão lateral;Com Vítimas Feridas;Pleno dia;Crescente;Nublado;Simples;Reta;Sim;2;0;1;0;1;0;1;2;-19.53155126;-40.68264127
136274.0;2018-05-25;sexta-feira;05:40:00;101.0;88;SAO MATEUS;Animais na Pista;Atropelamento de Animal;Com Vítimas Feridas;Amanhecer;Crescente;Céu Claro;Simples;Reta;Não;4;0;1;1;2;0;2;1;-18.91482428;-39.96375658
180408.0;2018-05-25;sexta-feira;08:50:00;101.0;267.5;SERRA;Falta de Atenção à Condução;Tombamento;Com Vítimas Feridas;Pleno dia;Decrescente;Céu Claro;Dupla;Reta;Sim;1;0;1;0;0;0;1;1;-20.20646779;-40.26939332
136343.0;2018-05-25;sexta-feira;18:00:00;101.0;285;CARIACICA;Pista Escorregadia;Capotamento;Com Vítimas Feridas;Plena Noite;Crescente;Chuva;Dupla;Reta;Não;1;0;1;0;0;0;1;1;-20.25343839;-40.3741647
136297.0;2018-05-25;sexta-feira;09:20:00;101.0;302;VIANA;Velocidade Incompatível;Colisão traseira;Sem Vítimas;Pleno dia;Crescente;Chuva;Dupla;Reta;Sim;3;0;0;0;3;0;0;3;-20.37213737;-40.44319242
136309.0;2018-05-25;sexta-feira;13:10:00;101.0;126.2;SOORETAMA;Falta de Atenção à Condução;Colisão lateral;Com Vítimas Feridas;Pleno dia;Decrescente;Nublado;Múltipla;Reta;Sim;2;0;1;0;1;0;1;2;-19.19636445;-40.09498981
137397.0;2018-05-25;sexta-feira;08:30:00;262.0;113;VENDA NOVA DO IMIGRANTE;Pista Escorregadia;Saída de leito carroçável;Sem Vítimas;Pleno dia;Decrescente;Chuva;Simples;Curva;Não;1;0;0;0;1;0;0;1;-20.33239404;-41.20422363