id;data_inversa;dia_semana;horario;br;km;municipio;causa_acidente;tipo_acidente;classificacao_acidente;fase_dia;sentido_via;condicao_metereologica;tipo_pista;tracado_via;uso_solo;pessoas;mortos;feridos_leves;feridos_graves;ilesos;ignorados;feridos;veiculos;latitude;longitude
142450.0;2018-06-25;segunda-feira;12:30:00;101.0;295;CARIACICA;Falta de Atenção à Condução;Colisão lateral;Com Vítimas Feridas;Pleno dia;Crescente;Céu Claro;Múltipla;Reta;Sim;2;0;0;1;1;0;1;2;-20.33319887;-40.4014492
142515.0;2018-06-25;segunda-feira;17:40:00;101.0;264;SERRA;Pista Escorregadia;Queda de ocupante de veículo;Com Vítimas Feridas;Anoitecer;Crescente;Céu Claro;Múltipla;Reta;Sim;1;0;1;0;0;0;1;1;-20.19833221;-40.26879787
142359.0;2018-06-25;segunda-feira;06:00:00;101.0;244.5;SERRA;Falta de Atenção à Condução;Colisão transversal;Com Vítimas Feridas;Amanhecer;Decrescente;Céu Claro;Simples;Interseção de vias;Não;3;0;1;0;1;1;1;2;-20.052006;-40.384528
142374.0;2018-06-25;segunda-feira;07:00:00;101.0;108.8;SOORETAMA;Não guardar distância de segurança;Colisão traseira;Com Vítimas Feridas;Amanhecer;Crescente;Céu Claro;Simples;Reta;Não;2;0;1;0;1;0;1;2;-19.04005064;-40.02319336
142604.0;2018-06-26;terça-feira;07:10:00;101.0;265.5;SERRA;Falta de Atenção à Condução;Colisão lateral;Com Vítimas Feridas;Pleno dia;Crescente;Céu Claro;Dupla;Reta;Sim;2;0;1;0;1;0;1;2;-20.18679266;-40.26812732
142626.0;2018-06-26;terça-feira;09:20:00;101.0;146;LINHARES;Falta de Atenção à Condução;Colisão traseira;Com Vítimas Feridas;Pleno dia;Crescente;Céu Claro;Múltipla;Reta;Sim;2;0;1;0;1;0;1;2;-19.37388726;-40.06609261
142725.0;2018-06-26;terça-feira;15:10:00;101.0;281.7;SERRA;Desobediência às normas de trânsito pelo condutor;Colisão lateral;Com Vítimas Feridas;Pleno dia;Crescente;Sol;Simples;Reta;Não;2;0;1;0;1;0;1;2;-20.22652299;-40.36359787
142774.0;2018-06-26;terça-feira;17:30:00;101.0;266.5;SERRA;Falta de Atenção à Condução;Colisão traseira;Com Vítimas Feridas;Pleno dia;Crescente;Céu Claro;Dupla;Reta;Sim;2;0;1;0;1;0;1;2;-20.19444551;-40.26843846
142807.0;2018-06-26;terça-feira;20:00:00;101.0;269.5;SERRA;Falta de Atenção à Condução;Colisão transversal;Com Vítimas Feridas;Plena Noite;Decrescente;Céu Claro;Múltipla;Reta;Sim;2;0;1;0;1;0;1;2;-20.22170575;-40.2700156
142816.0;2018-06-26;terça-feira;20:51:00;101.0;108;SOORETAMA;Fenômenos da Natureza;Incêndio;Sem Vítimas;Plena Noite;Crescente;Céu Claro;Simples;Reta;Não;1;0;0;0;0;1;0;1;-19.05189592;-40.02963066
142825.0;2018-06-26;terça-feira;21:30:00;101.0;65;SAO MATEUS;Falta de Atenção à Condução;Atropelamento de Pedestre;Com Vítimas Feridas;Plena Noite;Crescente;Céu Claro;Simples;Reta;Sim;2;0;1;0;0;1;1;1;-18.720545;-39.865883
142926.0;2018-06-27;quarta-feira;12:40:00;101.0;295.2;CARIACICA;Falta de Atenção à Condução;Queda de ocupante de veículo;Com Vítimas Feridas;Pleno dia;Crescente;Céu Claro;Dupla;Viaduto;Não;2;0;2;0;0;0;2;1;-20.34591456;-40.40908813
142859.0;2018-06-27;quarta-feira;07:10:00;101.0;294.5;CARIACICA;Não guardar distância de segurança;Colisão traseira;Com Vítimas Feridas;Pleno dia;Decrescente;Sol;Dupla;Não Informado;Sim;2;0;0;1;1;0;1;2;-20.32706408;-40.39716578
142865.0;2018-06-27;quarta-feira;07:50:00;101.0;305;VIANA;Falta de Atenção à Condução;Colisão lateral;Sem Vítimas;Pleno dia;Decrescente;Céu Claro;Simples;Rotatória;Não;2;0;0;0;2;0;0;2;-20.38481969;-40.46245337
142904.0;2018-06-27;quarta-feira;10:30:00;101.0;0.6;SERRA;Não guardar distância de segurança;Engavetamento;Com Vítimas Feridas;Pleno dia;Crescente;Céu Claro;Dupla;Desvio Temporário;Sim;3;0;1;0;2;0;1;3;-20.23829719;-40.27843786
142911.0;2018-06-27;quarta-feira;11:10:00;393.0;0;CACHOEIRO DE ITAPEMIRIM;Falta de Atenção à Condução;Colisão transversal;Com Vítimas Feridas;Pleno dia;Crescente;Céu Claro;Simples;Reta;Sim;2;0;1;0;0;1;1;2;-20.841324;-41.15929
142986.0;2018-06-27;quarta-feira;17:11:00;101.0;23;PINHEIROS;Desobediência às normas de trânsito pelo condutor;Colisão lateral;Com Vítimas Fatais;Pleno dia;Crescente;Céu Claro;Simples;Reta;Não;2;1;0;0;1;0;0;2;-18.351198;-39.956894
142954.0;2018-06-27;quarta-feira;13:30:00;262.0;6.1;CARIACICA;Falta de Atenção à Condução;Colisão lateral;Sem Vítimas;Pleno dia;Decrescente;Sol;Múltipla;Reta;Sim;2;0;0;0;1;1;0;2;-20.34230921;-40.39861357
143009.0;2018-06-27;quarta-feira;21:10:00;101.0;235;FUNDAO;Deficiência ou não Acionamento do Sistema de Iluminação/Sinalização do Veículo;Colisão frontal;Com Vítimas Fatais;Plena Noite;Decrescente;Céu Claro;Simples;Reta;Não;4;2;0;1;1;0;1;2;-19.937367;-40.406474
143025.0;2018-06-27;quarta-feira;21:40:00;262.0;4;CARIACICA;Falta de Atenção à Condução;Colisão traseira;Sem Vítimas;Plena Noite;Crescente;Céu Claro;Dupla;Reta;Sim;3;0;0;0;2;1;0;2;-20.33627512;-40.37829113
143045.0;2018-06-27;quarta-feira;23:40:00;101.0;90;SAO MATEUS;Falta de Atenção à Condução;Colisão traseira;Com Vítimas Feridas;Plena Noite;Decrescente;Céu Claro;Simples;Reta;Sim;4;0;1;0;3;0;1;2;-18.720545;-39.865883
143072.0;2018-06-28;quinta-feira;06:10:00;101.0;145.2;LINHARES;Falta de Atenção à Condução;Colisão traseira;Sem Vítimas;Amanhecer;Decrescente;Céu Claro;Dupla;Reta;Sim;2;0;0;0;2;0;0;2;-19.36325584;-40.06463885
151512.0;2018-06-28;quinta-feira;23:15:00;101.0;348.6;GUARAPARI;Velocidade Incompatível;Colisão frontal;Com Vítimas Feridas;Plena Noite;Crescente;Nublado;Simples;Curva;Não;3;0;0;1;1;1;1;2;-20.67390526;-40.49560547
143079.0;2018-06-28;quinta-feira;07:15:00;101.0;328.9;GUARAPARI;Velocidade Incompatível;Saída de leito carroçável;Com Vítimas Feridas;Amanhecer;Decrescente;Céu Claro;Simples;Curva;Não;3;0;1;0;0;2;1;1;-20.5853614;-40.496959
143084.0;2018-06-28;quinta-feira;07:40:00;101.0;301.4;VIANA;Ingestão de Álcool;Colisão lateral;Sem Vítimas;Pleno dia;Crescente;Céu Claro;Dupla;Reta;Sim;2;0;0;0;2;0;0;2;-20.36865735;-40.44381201
143100.0;2018-06-28;quinta-feira;09:15:00;101.0;116;SOORETAMA;Desobediência às normas de trânsito pelo condutor;Colisão transversal;Com Vítimas Feridas;Pleno dia;Decrescente;Nublado;Simples;Interseção de vias;Não;2;0;1;0;1;0;1;2;-19.11792191;-40.06218195
143117.0;2018-06-28;quinta-feira;10:50:00;101.0;308.9;VIANA;Falta de Atenção à Condução;Colisão traseira;Com Vítimas Feridas;Pleno dia;Crescente;Céu Claro;Simples;Reta;Não;2;0;1;0;1;0;1;2;-20.41837557;-40.45975019
155809.0;2018-06-28;quinta-feira;21:30:00;262.0;4.2;CARIACICA;Falta de Atenção do Pedestre;Atropelamento de Pedestre;Com Vítimas Feridas;Plena Noite;Decrescente;Céu Claro;Dupla;Reta;Sim;2;0;0;1;1;0;1;1;-20.33798951;-40.38084474
143130.0;2018-06-28;quinta-feira;12:45:00;101.0;379.4;ICONHA;Falta de Atenção à Condução;Colisão traseira;Com Vítimas Feridas;Pleno dia;Decrescente;Céu Claro;Simples;Reta;Não;2;0;0;1;1;0;1;2;-20.80265753;-40.82725525
174951.0;2018-06-28;quinta-feira;02:50:00;101.0;269.9;SERRA;Ingestão de álcool e/ou substâncias psicoativas pelo pedestre;Atropelamento de Pedestre;Com Vítimas Feridas;Plena Noite;Crescente;Céu Claro;Dupla;Interseção de vias;Sim;2;0;0;1;1;0;1;1;-20.22186602;-40.2703805
158827.0;2018-06-28;quinta-feira;09:00:00;262.0;23;VIANA;Defeito na Via;Queda de ocupante de veículo;Com Vítimas Feridas;Pleno dia;Decrescente;Céu Claro;Simples;Curva;Não;1;0;0;1;0;0;1;1;-20.3737;-40.5186
143203.0;2018-06-28;quinta-feira;18:10:00;101.0;260.7;SERRA;Desobediência às normas de trânsito pelo condutor;Colisão transversal;Com Vítimas Feridas;Plena Noite;Crescente;Céu Claro;Simples;Curva;Não;3;0;2;1;0;0;3;2;-20.14765654;-40.28098583
143255.0;2018-06-28;quinta-feira;23:10:00;101.0;435.5;ATILIO VIVACQUA;Velocidade Incompatível;Capotamento;Com Vítimas Feridas;Plena Noite;Crescente;Céu Claro;Simples;Não Informado;Não;1;0;1;0;0;0;1;1;-21.06096408;-41.20559692
143273.0;2018-06-29;sexta-feira;05:40:00;393.0;0.1;CACHOEIRO DE ITAPEMIRIM;Ingestão de Álcool;Colisão frontal;Com Vítimas Feridas;Amanhecer;Crescente;Céu Claro;Simples;Reta;Sim;6;0;6;0;0;0;6;2;-20.84694092;-41.15289688
143324.0;2018-06-29;sexta-feira;09:10:00;262.0;38.1;DOMINGOS MARTINS;Falta de Atenção à Condução;Colisão lateral;Com Vítimas Feridas;Plena Noite;Decrescente;Céu Claro;Simples;Reta;Sim;3;0;0;1;2;0;1;3;-20.3815;-40.6185
143329.0;2018-06-29;sexta-feira;10:10:00;101.0;0.3;SERRA;Não guardar distância de segurança;Engavetamento;Sem Vítimas;Pleno dia;Crescente;Garoa/Chuvisco;Dupla;Desvio Temporário;Sim;5;0;0;0;5;0;0;5;-20.23783813;-40.2781266
143406.0;2018-06-29;sexta-feira;17:00:00;101.0;253;SERRA;Desobediência às normas de trânsito pelo condutor;Colisão transversal;Com Vítimas Feridas;Anoitecer;Crescente;Garoa/Chuvisco;Simples;Reta;Sim;7;0;6;0;1;0;6;2;-20.10429927;-40.33613205
143458.0;2018-06-29;sexta-feira;20:55:00;259.0;95.8;BAIXO GUANDU;Falta de Atenção à Condução;Colisão traseira;Com Vítimas Fatais;Plena Noite;Decrescente;Garoa/Chuvisco;Simples;Reta;Não;3;1;0;1;1;0;1;2;-19.50753473;-40.96376896
143478.0;2018-06-29;sexta-feira;20:20:00;101.0;31;CONCEICAO DA BARRA;Falta de Atenção à Condução;Tombamento;Com Vítimas Feridas;Plena Noite;Decrescente;Céu Claro;Simples;Não Informado;Não;2;0;1;0;1;0;1;1;-18.417088;-39.936066
143290.0;2018-06-29;sexta-feira;08:00:00;262.0;3.7;CARIACICA;Falta de Atenção à Condução;Colisão lateral;Com Vítimas Feridas;Pleno dia;Decrescente;Nublado;Dupla;Reta;Sim;2;0;0;1;0;1;1;2;-20.33690101;-40.37166595
143531.0;2018-06-30;sábado;06:20:00;101.0;176;ARACRUZ;Falta de Atenção à Condução;Colisão lateral;Com Vítimas Feridas;Pleno dia;Decrescente;Céu Claro;Simples;Interseção de vias;Sim;2;0;0;1;1;0;1;2;-19.59260289;-40.19576132
143557.0;2018-06-30;sábado;09:00:00;101.0;296;CARIACICA;Falta de Atenção à Condução;Colisão traseira;Com Vítimas Feridas;Pleno dia;Crescente;Céu Claro;Dupla;Reta;Sim;3;0;1;0;2;0;1;3;-20.34091492;-40.40491998
143559.0;2018-06-30;sábado;09:00:00;101.0;229.8;FUNDAO;Falta de Atenção à Condução;Colisão transversal;Com Vítimas Feridas;Pleno dia;Decrescente;Sol;Simples;Reta;Sim;2;0;1;0;1;0;1;2;-19.93481497;-40.40543497
143606.0;2018-06-30;sábado;11:50:00;101.0;97.5;JAGUARE;Defeito Mecânico no Veículo;Tombamento;Com Vítimas Feridas;Pleno dia;Crescente;Céu Claro;Simples;Reta;Não;2;0;1;0;1;0;1;1;-18.95378181;-39.98292804
143633.0;2018-06-30;sábado;14:20:00;101.0;264.7;SERRA;Falta de Atenção à Condução;Colisão transversal;Sem Vítimas;Pleno dia;Crescente;Céu Claro;Dupla;Reta;Sim;3;0;0;0;3;0;0;3;-20.19782876;-40.26914656
143675.0;2018-06-30;sábado;18:55:00;101.0;182;ARACRUZ;Falta de Atenção do Pedestre;Atropelamento de Pedestre;Com Vítimas Fatais;Plena Noite;Decrescente;Céu Claro;Simples;Reta;Não;2;1;0;0;1;0;0;2;-19.63385701;-40.22798538
143710.0;2018-06-30;sábado;22:35:00;101.0;85.8;SAO MATEUS;Falta de Atenção à Condução;Colisão traseira;Com Vítimas Feridas;Plena Noite;Decrescente;Nublado;Múltipla;Reta;Sim;3;0;1;0;2;0;1;2;-18.86434646;-39.93889689
143736.0;2018-07-01;domingo;02:00:00;262.0;163;IBATIBA;Ingestão de Álcool;Colisão traseira;Com Vítimas Feridas;Plena Noite;Crescente;Nevoeiro/Neblina;Simples;Reta;Não;2;0;1;0;1;0;1;2;-20.23445575;-41.5282774
143856.0;2018-07-01;domingo;17:20:00;262.0;35.7;DOMINGOS MARTINS;Não guardar distância de segurança;Colisão traseira;Com Vítimas Feridas;Anoitecer;Decrescente;Céu Claro;Simples;Desvio Temporário;Não;2;0;0;1;1;0;1;2;-20.38166178;-40.60108602
143861.0;2018-07-01;domingo;18:00:00;101.0;262;SERRA;Falta de Atenção à Condução;Colisão traseira;Com Vítimas Feridas;Plena Noite;Crescente;Céu Claro;Dupla;Reta;Sim;3;0;0;1;2;0;1;2;-20.1590177;-40.27636707
143867.0;2018-07-01;domingo;18:50:00;101.0;125.6;SOORETAMA;Ingestão de Álcool;Colisão frontal;Sem Vítimas;Plena Noite;Crescente;Céu Claro;Múltipla;Interseção de vias;Sim;4;0;0;0;3;1;0;2;-19.189677;-40.09483516
143922.0;2018-07-01;domingo;21:45:00;101.0;253.7;SERRA;Não guardar distância de segurança;Colisão traseira;Com Vítimas Feridas;Plena Noite;Crescente;Céu Claro;Simples;Reta;Sim;2;0;1;0;1;0;1;2;-20.113356;-40.322667
143807.0;2018-07-01;domingo;13:40:00;101.0;270;SERRA;Falta de Atenção à Condução;Colisão lateral;Com Vítimas Feridas;Pleno dia;Crescente;Céu Claro;Múltipla;Curva;Sim;3;0;2;0;1;0;2;2;-20.23163705;-40.27404964
143812.0;2018-07-01;domingo;14:20:00;262.0;3.8;CARIACICA;Desobediência às normas de trânsito pelo condutor;Colisão lateral;Com Vítimas Feridas;Pleno dia;Crescente;Sol;Dupla;Reta;Sim;2;0;1;0;1;0;1;2;-20.33560829;-40.37733346
143745.0;2018-07-01;domingo;04:30:00;101.0;343.4;GUARAPARI;Ingestão de Álcool;Colisão frontal;Com Vítimas Fatais;Plena Noite;Decrescente;Céu Claro;Simples;Curva;Não;3;1;1;0;1;0;1;2;-20.66364613;-40.59353024
143840.0;2018-07-01;domingo;16:50:00;262.0;0;CARIACICA;Defeito na Via;Queda de ocupante de veículo;Com Vítimas Feridas;Pleno dia;Crescente;Céu Claro;Dupla;Reta;Sim;2;0;1;1;0;0;2;1;-20.321218;-40.35095
143768.0;2018-07-01;domingo;08:20:00;262.0;18.6;VIANA;Velocidade Incompatível;Queda de ocupante de veículo;Com Vítimas Feridas;Pleno dia;Crescente;Sol;Simples;Curva;Sim;1;0;1;0;0;0;1;1;-20.39316169;-40.48598439
143802.0;2018-07-01;domingo;12:56:00;262.0;92.1;DOMINGOS MARTINS;Falta de Atenção à Condução;Colisão transversal;Com Vítimas Feridas;Pleno dia;Crescente;Céu Claro;Simples;Curva;Sim;2;0;0;1;1;0;1;2;-20.37816849;-41.04273441
144069.0;2018-07-02;segunda-feira;17:10:00;101.0;0.7;SERRA;Falta de Atenção à Condução;Colisão lateral;Com Vítimas Feridas;Anoitecer;Crescente;Céu Claro;Simples;Curva;Sim;2;0;1;0;1;0;1;2;-20.24118017;-40.28049231
144010.0;2018-07-02;segunda-feira;10:55:00;101.0;145;LINHARES;Não guardar distância de segurança;Saída de leito carroçável;Com Vítimas Feridas;Pleno dia;Decrescente;Céu Claro;Simples;Reta;Sim;2;0;1;0;0;1;1;1;-19.36817323;-40.06531526
144043.0;2018-07-02;segunda-feira;15:00:00;262.0;6.7;CARIACICA;Ingestão de Álcool;Colisão com objeto estático;Com Vítimas Feridas;Pleno dia;Decrescente;Céu Claro;Dupla;Reta;Sim;2;0;1;0;0;1;1;1;-20.34280817;-40.4010458
143968.0;2018-07-02;segunda-feira;07:15:00;262.0;9.1;VIANA;Desobediência às normas de trânsito pelo condutor;Colisão lateral;Com Vítimas Feridas;Pleno dia;Decrescente;Céu Claro;Dupla;Curva;Sim;2;0;1;0;1;0;1;2;-20.3576583;-40.41951013
143981.0;2018-07-02;segunda-feira;08:40:00;101.0;302;VIANA;Desobediência às normas de trânsito pelo condutor;Colisão transversal;Com Vítimas Feridas;Pleno dia;Crescente;Céu Claro;Dupla;Rotatória;Sim;3;0;2;0;1;0;2;2;-20.36361822;-40.4425621
144624.0;2018-07-02;segunda-feira;03:00:00;101.0;260;SERRA;Falta de Atenção à Condução;Queda de ocupante de veículo;Com Vítimas Feridas;Plena Noite;Crescente;Céu Claro;Dupla;Reta;Sim;1;0;0;1;0;0;1;1;-20.132048;-40.294439
144267.0;2018-07-03;terça-feira;18:20:00;101.0;269.5;SERRA;Desobediência às normas de trânsito pelo condutor;Colisão transversal;Com Vítimas Feridas;Anoitecer;Decrescente;Ignorado;Múltipla;Interseção de vias;Sim;2;0;0;1;1;0;1;2;-20;-40.27045059
144221.0;2018-07-03;terça-feira;13:50:00;101.0;278;SERRA;Velocidade Incompatível;Colisão lateral;Com Vítimas Feridas;Pleno dia;Crescente;Sol;Dupla;Reta;Não;3;0;1;0;2;0;1;2;-20.0967064;-40.339257
144179.0;2018-07-03;terça-feira;10:10:00;101.0;127;SOORETAMA;Defeito Mecânico no Veículo;Colisão transversal;Com Vítimas Feridas;Pleno dia;Crescente;Céu Claro;Simples;Reta;Não;2;0;1;0;1;0;1;2;-19.25119122;-40.0904417
144157.0;2018-07-03;terça-feira;07:00:00;101.0;271.3;SERRA;Falta de Atenção à Condução;Tombamento;Com Vítimas Feridas;Pleno dia;Decrescente;Céu Claro;Múltipla;Reta;Sim;1;0;0;1;0;0;1;1;-20.22959328;-40.27978134
144273.0;2018-07-03;terça-feira;16:00:00;262.0;152.6;IBATIBA;Ingestão de Álcool;Saída de leito carroçável;Com Vítimas Feridas;Pleno dia;Decrescente;Céu Claro;Simples;Curva;Não;1;0;1;0;0;0;1;1;-20.21499056;-41.45316213
144275.0;2018-07-03;terça-feira;19:20:00;101.0;393.5;RIO NOVO DO SUL;Falta de Atenção à Condução;Colisão transversal;Com Vítimas Feridas;Plena Noite;Crescente;Céu Claro;Simples;Reta;Não;3;0;2;0;1;0;2;2;-20.86636093;-40.90764642
144317.0;2018-07-03;terça-feira;23:25:00;101.0;270;SERRA;Falta de Atenção à Condução;Colisão lateral;Com Vítimas Feridas;Plena Noite;Decrescente;Céu Claro;Múltipla;Reta;Não;2;0;0;1;1;0;1;2;-20.21444185;-40.26954889
144251.0;2018-07-03;terça-feira;18:10:00;101.0;270.4;SERRA;Falta de Atenção do Pedestre;Atropelamento de Pedestre;Sem Vítimas;Plena Noite;Decrescente;Céu Claro;Múltipla;Reta;Sim;2;0;0;0;0;2;0;1;-20.23034848;-40.27317524
144243.0;2018-07-03;terça-feira;16:50:00;101.0;23.5;CONCEICAO DA BARRA;Defeito Mecânico no Veículo;Tombamento;Com Vítimas Feridas;Anoitecer;Decrescente;Céu Claro;Simples;Desvio Temporário;Não;1;0;1;0;0;0;1;1;-18.351198;-39.956894
144363.0;2018-07-04;quarta-feira;08:25:00;262.0;158.4;IBATIBA;Não guardar distância de segurança;Colisão traseira;Com Vítimas Feridas;Pleno dia;Decrescente;Sol;Múltipla;Reta;Sim;2;0;1;0;1;0;1;2;-20.23453629;-41.50651395
144370.0;2018-07-04;quarta-feira;09:30:00;101.0;127.8;SOORETAMA;Falta de Atenção à Condução;Colisão frontal;Com Vítimas Feridas;Pleno dia;Decrescente;Céu Claro;Simples;Reta;Sim;2;0;1;0;1;0;1;2;-19.20937378;-40.09473324
144516.0;2018-07-05;quinta-feira;06:00:00;101.0;312;VILA VELHA;Falta de Atenção do Pedestre;Atropelamento de Pedestre;Com Vítimas Feridas;Amanhecer;Crescente;Céu Claro;Simples;Reta;Não;2;0;1;0;0;1;1;1;-20.443;-40.46
144532.0;2018-07-05;quinta-feira;07:25:00;101.0;58;SAO MATEUS;Condutor Dormindo;Saída de leito carroçável;Com Vítimas Feridas;Pleno dia;Decrescente;Nevoeiro/Neblina;Simples;Reta;Não;3;0;2;0;1;0;2;1;-18.65834188;-39.8701036
144630.0;2018-07-05;quinta-feira;17:00:00;101.0;284.4;CARIACICA;Defeito Mecânico no Veículo;Colisão com objeto estático;Sem Vítimas;Anoitecer;Decrescente;Nublado;Dupla;Não Informado;Sim;1;0;0;0;1;0;0;1;-20.30758138;-40.39479196
144690.0;2018-07-05;quinta-feira;20:20:00;101.0;270.4;SERRA;Não guardar distância de segurança;Colisão traseira;Com Vítimas Feridas;Plena Noite;Crescente;Chuva;Dupla;Reta;Sim;2;0;1;0;1;0;1;2;-20.229741;-40.272559
144641.0;2018-07-05;quinta-feira;16:40:00;101.0;448.4;MIMOSO DO SUL;Velocidade Incompatível;Saída de leito carroçável;Com Vítimas Feridas;Pleno dia;Crescente;Céu Claro;Simples;Reta;Não;1;0;1;0;0;0;1;1;-21.13338356;-41.2795642
144663.0;2018-07-05;quinta-feira;17:25:00;101.0;262;SERRA;Pista Escorregadia;Tombamento;Com Vítimas Feridas;Plena Noite;Crescente;Céu Claro;Simples;Reta;Sim;1;0;0;1;0;0;1;1;-20.15394374;-40.27799308
144853.0;2018-07-06;sexta-feira;14:45:00;101.0;155.7;LINHARES;Objeto estático sobre o leito carroçável;Derramamento de carga;Com Vítimas Feridas;Pleno dia;Crescente;Nublado;Simples;Reta;Não;3;0;2;0;1;0;2;2;-19.44716925;-40.09580612
144736.0;2018-07-06;sexta-feira;06:00:00;262.0;156.5;IBATIBA;Falta de Atenção à Condução;Colisão com objeto em movimento;Com Vítimas Fatais;Amanhecer;Crescente;Nevoeiro/Neblina;Simples;Reta;Não;3;1;0;0;1;1;0;2;-20.2306;-41.4851
144751.0;2018-07-06;sexta-feira;07:10:00;101.0;270;SERRA;Falta de Atenção à Condução;Colisão traseira;Com Vítimas Feridas;Pleno dia;Crescente;Céu Claro;Múltipla;Curva;Não;4;0;4;0;0;0;4;2;-20.23184845;-40.27745068
144773.0;2018-07-06;sexta-feira;06:15:00;101.0;0.5;SERRA;Falta de Atenção à Condução;Colisão lateral;Com Vítimas Feridas;Pleno dia;Decrescente;Céu Claro;Dupla;Não Informado;Sim;3;0;1;0;2;0;1;3;-20.240235;-40.2795505
144796.0;2018-07-06;sexta-feira;10:30:00;101.0;445.6;MIMOSO DO SUL;Mal Súbito;Colisão frontal;Com Vítimas Fatais;Pleno dia;Crescente;Céu Claro;Simples;Reta;Não;2;1;0;0;1;0;0;2;-21.08882458;-41.24619484
144837.0;2018-07-06;sexta-feira;13:20:00;101.0;214;IBIRACU;Desobediência às normas de trânsito pelo condutor;Colisão traseira;Sem Vítimas;Pleno dia;Crescente;Céu Claro;Simples;Curva;Não;2;0;0;0;2;0;0;2;-19.83003744;-40.37353814
144840.0;2018-07-06;sexta-feira;12:55:00;262.0;4;CARIACICA;Falta de Atenção à Condução;Colisão lateral;Com Vítimas Feridas;Pleno dia;Crescente;Céu Claro;Múltipla;Interseção de vias;Sim;2;0;1;0;1;0;1;2;-20.3362;-40.3783
144890.0;2018-07-06;sexta-feira;18:00:00;262.0;46;MARECHAL FLORIANO;Ingestão de Álcool;Colisão traseira;Com Vítimas Feridas;Plena Noite;Decrescente;Céu Claro;Simples;Reta;Sim;5;0;2;0;3;0;2;4;-20.40888314;-40.6743291
145013.0;2018-07-07;sábado;04:03:00;101.0;270;SERRA;Ingestão de Álcool;Colisão com objeto estático;Com Vítimas Feridas;Plena Noite;Crescente;Céu Claro;Múltipla;Curva;Sim;1;0;0;1;0;0;1;1;-20.22702966;-40.2711637
153645.0;2018-07-07;sábado;23:50:00;101.0;62;SAO MATEUS;Ingestão de Álcool;Colisão frontal;Com Vítimas Feridas;Plena Noite;Crescente;Céu Claro;Simples;Reta;Sim;2;0;0;1;1;0;1;2;-18.690258;-39.861557
145033.0;2018-07-07;sábado;07:10:00;101.0;2;VITORIA;Falta de Atenção à Condução;Tombamento;Com Vítimas Feridas;Pleno dia;Crescente;Céu Claro;Dupla;Reta;Não;1;0;1;0;0;0;1;1;-20.25494217;-40.28917408
145108.0;2018-07-07;sábado;13:30:00;101.0;277.9;SERRA;Avarias e/ou desgaste excessivo no pneu;Queda de ocupante de veículo;Com Vítimas Feridas;Pleno dia;Crescente;Sol;Dupla;Reta;Não;2;0;0;2;0;0;2;1;-20.22532498;-40.36156476
145205.0;2018-07-07;sábado;20:20:00;101.0;194.7;ARACRUZ;Falta de Atenção à Condução;Queda de ocupante de veículo;Com Vítimas Feridas;Plena Noite;Crescente;Céu Claro;Simples;Reta;Não;1;0;1;0;0;0;1;1;-19.69554567;-40.29703715
145138.0;2018-07-07;sábado;12:30:00;101.0;418;CACHOEIRO DE ITAPEMIRIM;Defeito Mecânico no Veículo;Queda de ocupante de veículo;Com Vítimas Feridas;Pleno dia;Crescente;Céu Claro;Simples;Reta;Não;1;0;1;0;0;0;1;1;-20.9683324;-41.10860825
145150.0;2018-07-07;sábado;17:20:00;101.0;294.1;CARIACICA;Falta de Atenção à Condução;Colisão lateral;Com Vítimas Feridas;Anoitecer;Decrescente;Nublado;Múltipla;Curva;Sim;3;0;1;0;1;1;1;2;-20.32426506;-40.39518356
145160.0;2018-07-07;sábado;17:50:00;101.0;166.5;LINHARES;Falta de Atenção à Condução;Colisão transversal;Com Vítimas Feridas;Anoitecer;Decrescente;Céu Claro;Múltipla;Reta;Sim;2;0;0;1;1;0;1;2;-19.52140914;-40.14618505
145286.0;2018-07-08;domingo;10:05:00;262.0;91;DOMINGOS MARTINS;Desobediência às normas de trânsito pelo condutor;Colisão transversal;Sem Vítimas;Pleno dia;Crescente;Céu Claro;Simples;Reta;Sim;6;0;0;0;6;0;0;2;-20.37845352;-41.03353322
145332.0;2018-07-08;domingo;13:30:00;101.0;258.7;SERRA;Falta de Atenção à Condução;Colisão transversal;Com Vítimas Feridas;Pleno dia;Crescente;Sol;Múltipla;Rotatória;Sim;2;0;1;0;1;0;1;2;-20.1344411;-40.29328108
145308.0;2018-07-08;domingo;12:10:00;101.0;160;LINHARES;Ingestão de Álcool;Colisão transversal;Com Vítimas Feridas;Pleno dia;Crescente;Céu Claro;Simples;Reta;Sim;3;0;0;2;1;0;2;2;-19.49089803;-40.12683392
157611.0;2018-07-08;domingo;08:00:00;101.0;1.8;VITORIA;Falta de Atenção à Condução;Colisão traseira;Com Vítimas Feridas;Pleno dia;Crescente;Sol;Simples;Reta;Sim;2;0;1;0;1;0;1;2;-20.25422551;-40.28907537
145317.0;2018-07-08;domingo;13:30:00;101.0;30;CONCEICAO DA BARRA;Falta de Atenção à Condução;Colisão traseira;Com Vítimas Feridas;Pleno dia;Crescente;Sol;Simples;Não Informado;Não;2;0;0;1;0;1;1;2;-18.40685085;-39.93746996