id;data_inversa;dia_semana;horario;br;km;municipio;causa_acidente;tipo_acidente;classificacao_acidente;fase_dia;sentido_via;condicao_metereologica;tipo_pista;tracado_via;uso_solo;pessoas;mortos;feridos_leves;feridos_graves;ilesos;ignorados;feridos;veiculos;latitude;longitude
145365.0;2018-07-08;domingo;18:22:00;101.0;67;SAO MATEUS;Falta de Atenção do Pedestre;Atropelamento de Pedestre;Com Vítimas Feridas;Plena Noite;Crescente;Céu Claro;Múltipla;Reta;Sim;2;0;1;1;0;0;2;1;-18.71558128;-39.87572551
145343.0;2018-07-08;domingo;17:10:00;101.0;295;CARIACICA;Pista Escorregadia;Queda de ocupante de veículo;Com Vítimas Feridas;Pleno dia;Decrescente;Céu Claro;Dupla;Rotatória;Sim;2;0;2;0;0;0;2;1;-20.3439745;-40.4075091
145369.0;2018-07-08;domingo;18:10:00;101.0;298;VIANA;Desobediência às normas de trânsito pelo condutor;Colisão lateral;Com Vítimas Feridas;Plena Noite;Decrescente;Céu Claro;Dupla;Reta;Sim;4;0;1;1;1;1;2;2;-20.35307674;-40.41490853
145578.0;2018-07-09;segunda-feira;19:00:00;101.0;143.3;LINHARES;Falta de Atenção do Pedestre;Atropelamento de Pedestre;Com Vítimas Feridas;Plena Noite;Decrescente;Céu Claro;Múltipla;Reta;Sim;2;0;1;0;1;0;1;1;-19.32734287;-40.07160187
145614.0;2018-07-09;segunda-feira;15:00:00;262.0;6.3;CARIACICA;Defeito na Via;Danos eventuais;Sem Vítimas;Pleno dia;Crescente;Sol;Múltipla;Não Informado;Sim;1;0;0;0;1;0;0;1;-20.34133743;-40.39704502
145530.0;2018-07-09;segunda-feira;14:30:00;101.0;263.5;SERRA;Velocidade Incompatível;Engavetamento;Com Vítimas Feridas;Pleno dia;Decrescente;Céu Claro;Dupla;Reta;Sim;4;0;1;0;3;0;1;3;-20.16955222;-40.26988685
145507.0;2018-07-09;segunda-feira;11:10:00;101.0;300;VIANA;Defeito na Via;Queda de ocupante de veículo;Com Vítimas Feridas;Pleno dia;Crescente;Sol;Múltipla;Reta;Sim;1;0;1;0;0;0;1;1;-20.36146572;-40.43578684
145601.0;2018-07-09;segunda-feira;19:10:00;101.0;1;VITORIA;Não guardar distância de segurança;Colisão traseira;Com Vítimas Feridas;Plena Noite;Decrescente;Céu Claro;Simples;Reta;Sim;2;0;0;1;1;0;1;2;-20.2538108;-40.2884025
145463.0;2018-07-09;segunda-feira;07:20:00;101.0;151;LINHARES;Não guardar distância de segurança;Queda de ocupante de veículo;Com Vítimas Feridas;Pleno dia;Decrescente;Céu Claro;Simples;Ponte;Sim;2;0;2;0;0;0;2;1;-19.41284962;-40.0661087
145461.0;2018-07-09;segunda-feira;07:30:00;101.0;302;VIANA;Falta de Atenção à Condução;Colisão traseira;Sem Vítimas;Pleno dia;Crescente;Céu Claro;Múltipla;Reta;Sim;2;0;0;0;2;0;0;2;-20.3829692;-40.45961559
145449.0;2018-07-09;segunda-feira;05:50:00;101.0;266;SERRA;Falta de Atenção à Condução;Queda de ocupante de veículo;Com Vítimas Feridas;Amanhecer;Decrescente;Céu Claro;Múltipla;Reta;Sim;1;0;1;0;0;0;1;1;-20.19466703;-40.26851356
145484.0;2018-07-09;segunda-feira;09:00:00;101.0;345.9;GUARAPARI;Velocidade Incompatível;Colisão traseira;Sem Vítimas;Pleno dia;Decrescente;Céu Claro;Simples;Reta;Sim;2;0;0;0;2;0;0;2;-20.6576039;-40.6168449
145740.0;2018-07-10;terça-feira;12:20:00;259.0;58.7;COLATINA;Falta de Atenção à Condução;Queda de ocupante de veículo;Com Vítimas Feridas;Pleno dia;Crescente;Céu Claro;Simples;Não Informado;Sim;1;0;1;0;0;0;1;1;-19.5233069;-40.6702013
145959.0;2018-07-11;quarta-feira;20:00:00;262.0;46.8;MARECHAL FLORIANO;Falta de Atenção à Condução;Colisão transversal;Com Vítimas Feridas;Plena Noite;Crescente;Céu Claro;Simples;Retorno Regulamentado;Sim;3;0;1;1;1;0;2;2;-20.4107644;-40.67722321
145936.0;2018-07-11;quarta-feira;17:45:00;101.0;180.7;ARACRUZ;Desobediência às normas de trânsito pelo condutor;Colisão frontal;Com Vítimas Fatais;Anoitecer;Crescente;Céu Claro;Simples;Desvio Temporário;Não;4;1;1;0;2;0;1;3;-19.62698542;-40.22296429
145872.0;2018-07-11;quarta-feira;10:25:00;393.0;2;CACHOEIRO DE ITAPEMIRIM;Falta de Atenção à Condução;Tombamento;Com Vítimas Feridas;Pleno dia;Crescente;Nublado;Simples;Reta;Sim;1;0;1;0;0;0;1;1;-20.83422683;-41.17150068
145852.0;2018-07-11;quarta-feira;09:20:00;101.0;145;LINHARES;Desobediência às normas de trânsito pelo condutor;Colisão traseira;Com Vítimas Feridas;Pleno dia;Crescente;Sol;Múltipla;Reta;Sim;2;0;1;0;1;0;1;2;-19.36200442;-40.06507874
145834.0;2018-07-11;quarta-feira;07:40:00;101.0;262;SERRA;Falta de Atenção à Condução;Colisão lateral;Com Vítimas Feridas;Pleno dia;Decrescente;Céu Claro;Simples;Interseção de vias;Sim;3;0;2;0;0;1;2;2;-20.15978918;-40.27574721
146239.0;2018-07-12;quinta-feira;23:00:00;101.0;261.3;SERRA;Falta de Atenção à Condução;Colisão lateral;Com Vítimas Feridas;Plena Noite;Decrescente;Céu Claro;Simples;Reta;Sim;3;0;1;1;1;0;2;2;-20.15426384;-40.27787447
146188.0;2018-07-12;quinta-feira;18:26:00;101.0;62;SAO MATEUS;Defeito Mecânico no Veículo;Colisão traseira;Com Vítimas Feridas;Plena Noite;Crescente;Céu Claro;Simples;Curva;Não;3;0;1;1;1;0;2;2;-18.690258;-39.861557
146155.0;2018-07-12;quinta-feira;15:00:00;259.0;50.5;COLATINA;Falta de Atenção à Condução;Colisão traseira;Sem Vítimas;Pleno dia;Decrescente;Céu Claro;Simples;Reta;Sim;3;0;0;0;3;0;0;2;-19.50436125;-40.61359826
146177.0;2018-07-12;quinta-feira;18:00:00;262.0;16.5;VIANA;Falta de Atenção à Condução;Colisão frontal;Com Vítimas Feridas;Plena Noite;Decrescente;Nublado;Simples;Reta;Não;3;0;1;0;2;0;1;3;-20.38630811;-40.4720664
146359.0;2018-07-13;sexta-feira;16:00:00;101.0;301.8;VIANA;Desobediência às normas de trânsito pelo condutor;Colisão lateral;Sem Vítimas;Pleno dia;Crescente;Sol;Dupla;Reta;Sim;2;0;0;0;2;0;0;2;-20.36999506;-40.44402927
146250.0;2018-07-13;sexta-feira;04:00:00;262.0;96.9;DOMINGOS MARTINS;Animais na Pista;Atropelamento de Animal;Com Vítimas Feridas;Amanhecer;Crescente;Céu Claro;Simples;Reta;Não;4;0;1;0;3;0;1;2;-20.36143052;-41.07391924
146289.0;2018-07-13;sexta-feira;07:40:00;262.0;4.1;CARIACICA;Não guardar distância de segurança;Colisão lateral;Com Vítimas Feridas;Pleno dia;Decrescente;Nublado;Múltipla;Reta;Sim;2;0;1;0;1;0;1;2;-20.33802271;-40.38101345
146292.0;2018-07-13;sexta-feira;09:30:00;101.0;149.7;LINHARES;Falta de Atenção à Condução;Colisão traseira;Com Vítimas Feridas;Pleno dia;Crescente;Sol;Múltipla;Reta;Sim;3;0;1;0;1;1;1;3;-19.40604959;-40.06164551
146327.0;2018-07-13;sexta-feira;13:00:00;101.0;339;GUARAPARI;Falta de Atenção à Condução;Colisão traseira;Sem Vítimas;Pleno dia;Decrescente;Céu Claro;Simples;Reta;Não;3;0;0;0;3;0;0;2;-20.6434801;-40.5585209
148166.0;2018-07-14;sábado;00:10:00;101.0;187;ARACRUZ;Falta de Atenção à Condução;Queda de ocupante de veículo;Com Vítimas Feridas;Plena Noite;Crescente;Céu Claro;Simples;Reta;Não;1;0;1;0;0;0;1;1;-19.6817074;-40.27047157
160063.0;2018-07-14;sábado;11:15:00;262.0;158;IBATIBA;Falta de Atenção à Condução;Queda de ocupante de veículo;Com Vítimas Feridas;Pleno dia;Decrescente;Céu Claro;Simples;Reta;Sim;2;0;1;0;1;0;1;2;-20.2322;-41.5031
146481.0;2018-07-14;sábado;01:30:00;101.0;210;IBIRACU;Ingestão de Álcool;Colisão frontal;Com Vítimas Feridas;Plena Noite;Decrescente;Céu Claro;Dupla;Reta;Não;2;0;0;1;1;0;1;2;-19.800643;-40.368828
146509.0;2018-07-14;sábado;05:15:00;101.0;266.4;SERRA;Falta de Atenção à Condução;Queda de ocupante de veículo;Com Vítimas Feridas;Amanhecer;Crescente;Céu Claro;Dupla;Interseção de vias;Sim;1;0;1;0;0;0;1;1;-20.1937792;-40.2688255
146683.0;2018-07-14;sábado;21:00:00;262.0;180;IBATIBA;Falta de Atenção à Condução;Colisão traseira;Com Vítimas Feridas;Plena Noite;Crescente;Céu Claro;Simples;Reta;Não;3;0;1;1;1;0;2;2;-20.2919;-41.6754
146674.0;2018-07-14;sábado;20:30:00;393.0;3;CACHOEIRO DE ITAPEMIRIM;Falta de Atenção à Condução;Colisão transversal;Com Vítimas Feridas;Plena Noite;Crescente;Céu Claro;Simples;Reta;Sim;3;0;1;0;2;0;1;2;-20.827583;-41.182526
146532.0;2018-07-14;sábado;07:40:00;101.0;143;LINHARES;Falta de Atenção à Condução;Colisão transversal;Com Vítimas Feridas;Pleno dia;Decrescente;Céu Claro;Múltipla;Interseção de vias;Sim;2;0;0;1;1;0;1;2;-19.34290301;-40.06366253
146618.0;2018-07-14;sábado;16:10:00;101.0;266.5;SERRA;Desobediência às normas de trânsito pelo condutor;Colisão transversal;Com Vítimas Feridas;Pleno dia;Crescente;Nublado;Múltipla;Reta;Sim;2;0;0;1;1;0;1;2;-20.19500939;-40.26893735
146569.0;2018-07-14;sábado;12:30:00;101.0;376.6;ICONHA;Falta de Atenção à Condução;Colisão transversal;Com Vítimas Feridas;Pleno dia;Crescente;Céu Claro;Simples;Curva;Sim;2;0;0;1;1;0;1;2;-20.79198;-40.80504
153350.0;2018-07-15;domingo;14:30:00;101.0;264.7;SERRA;Desobediência às normas de trânsito pelo condutor;Colisão lateral;Com Vítimas Feridas;Pleno dia;Crescente;Sol;Dupla;Curva;Sim;3;0;0;2;1;0;2;2;-20.18286688;-40.26587439
146853.0;2018-07-15;domingo;17:55:00;262.0;56.3;MARECHAL FLORIANO;Falta de Atenção do Pedestre;Atropelamento de Pedestre;Com Vítimas Feridas;Anoitecer;Decrescente;Céu Claro;Simples;Interseção de vias;Não;3;0;0;1;1;1;1;2;-20.4109;-40.7541
146833.0;2018-07-15;domingo;17:15:00;101.0;309.5;VIANA;Ingestão de Álcool;Colisão transversal;Com Vítimas Feridas;Anoitecer;Crescente;Céu Claro;Simples;Interseção de vias;Sim;5;0;3;2;0;0;5;3;-20.42032399;-40.45972612
146819.0;2018-07-15;domingo;16:00:00;101.0;231;FUNDAO;Não guardar distância de segurança;Colisão traseira;Com Vítimas Feridas;Pleno dia;Crescente;Sol;Simples;Reta;Não;3;0;1;0;0;2;1;2;-19.94977085;-40.40917945
146722.0;2018-07-15;domingo;00:20:00;101.0;93.1;SAO MATEUS;Desobediência às normas de trânsito pelo condutor;Saída de leito carroçável;Com Vítimas Feridas;Plena Noite;Decrescente;Céu Claro;Simples;Reta;Não;3;0;3;0;0;0;3;1;-18.720545;-39.865883
146744.0;2018-07-15;domingo;04:10:00;101.0;144.6;LINHARES;Falta de Atenção à Condução;Tombamento;Com Vítimas Feridas;Plena Noite;Decrescente;Céu Claro;Múltipla;Reta;Sim;1;0;1;0;0;0;1;1;-19.35729575;-40.06401122
146751.0;2018-07-15;domingo;04:50:00;262.0;3.9;CARIACICA;Ingestão de Álcool;Colisão traseira;Com Vítimas Feridas;Amanhecer;Crescente;Céu Claro;Múltipla;Não Informado;Sim;2;0;1;0;1;0;1;2;-20.33578937;-40.37755877
146772.0;2018-07-15;domingo;08:50:00;262.0;22.2;VIANA;Falta de Atenção à Condução;Tombamento;Com Vítimas Feridas;Pleno dia;Crescente;Sol;Simples;Reta;Não;1;0;1;0;0;0;1;1;-20.37493341;-40.51590443
146788.0;2018-07-15;domingo;11:40:00;262.0;74.5;DOMINGOS MARTINS;Velocidade Incompatível;Colisão transversal;Com Vítimas Feridas;Pleno dia;Crescente;Sol;Simples;Curva;Não;3;0;1;2;0;0;3;2;-20.4099;-40.8906
146809.0;2018-07-15;domingo;14:50:00;101.0;26.9;CONCEICAO DA BARRA;Falta de Atenção à Condução;Colisão transversal;Com Vítimas Feridas;Pleno dia;Crescente;Sol;Simples;Reta;Não;3;0;1;1;1;0;2;2;-18.400032;-39.938744
146818.0;2018-07-15;domingo;15:30:00;101.0;230.1;FUNDAO;Objeto estático sobre o leito carroçável;Queda de ocupante de veículo;Com Vítimas Feridas;Pleno dia;Crescente;Céu Claro;Simples;Reta;Sim;1;0;1;0;0;0;1;1;-19.9454999;-40.40807438
147100.0;2018-07-16;segunda-feira;21:30:00;482.0;18.9;CACHOEIRO DE ITAPEMIRIM;Velocidade Incompatível;Tombamento;Com Vítimas Fatais;Plena Noite;Crescente;Céu Claro;Simples;Curva;Não;1;1;0;0;0;0;0;1;-20.831736;-41.089191
146922.0;2018-07-16;segunda-feira;00:35:00;262.0;5.4;CARIACICA;Desobediência às normas de trânsito pelo condutor;Colisão transversal;Com Vítimas Feridas;Plena Noite;Decrescente;Nublado;Múltipla;Desvio Temporário;Sim;3;0;1;1;1;0;2;2;-20.33852067;-40.39207757
151858.0;2018-07-16;segunda-feira;21:40:00;101.0;396;RIO NOVO DO SUL;Falta de Atenção à Condução;Colisão transversal;Com Vítimas Feridas;Plena Noite;Crescente;Céu Claro;Simples;Reta;Sim;2;0;1;1;0;0;2;2;-20.86645838;-40.93758954
146980.0;2018-07-16;segunda-feira;09:40:00;101.0;262.1;SERRA;Falta de Atenção à Condução;Colisão traseira;Com Vítimas Feridas;Pleno dia;Crescente;Céu Claro;Dupla;Reta;Sim;3;0;2;0;1;0;2;2;-20.15910834;-40.27617395
147077.0;2018-07-16;segunda-feira;18:30:00;101.0;260.5;SERRA;Restrição de Visibilidade;Queda de ocupante de veículo;Com Vítimas Feridas;Plena Noite;Decrescente;Céu Claro;Simples;Curva;Sim;1;0;1;0;0;0;1;1;-20.14666945;-40.28175831
147017.0;2018-07-16;segunda-feira;14:10:00;101.0;161.6;LINHARES;Defeito Mecânico no Veículo;Queda de ocupante de veículo;Com Vítimas Fatais;Pleno dia;Crescente;Céu Claro;Simples;Reta;Sim;2;1;1;0;0;0;1;1;-19.48924944;-40.12550354
147093.0;2018-07-16;segunda-feira;20:00:00;101.0;386.9;SAO MATEUS;Desobediência às normas de trânsito pelo condutor;Colisão lateral;Com Vítimas Feridas;Plena Noite;Crescente;Céu Claro;Simples;Curva;Não;3;0;1;0;1;1;1;2;-18.720545;-39.865883
171237.0;2018-07-17;terça-feira;15:03:00;101.0;70;SAO MATEUS;Falta de Atenção à Condução;Colisão lateral;Com Vítimas Feridas;Pleno dia;Crescente;Céu Claro;Simples;Reta;Não;2;0;1;0;1;0;1;2;-18.75323571;-39.86251831
147241.0;2018-07-17;terça-feira;18:00:00;101.0;126;SOORETAMA;Objeto estático sobre o leito carroçável;Colisão com objeto estático;Com Vítimas Feridas;Anoitecer;Decrescente;Céu Claro;Múltipla;Reta;Sim;1;0;1;0;0;0;1;1;-19.18992019;-40.09529114
147261.0;2018-07-17;terça-feira;19:00:00;101.0;162.9;LINHARES;Velocidade Incompatível;Colisão traseira;Sem Vítimas;Plena Noite;Decrescente;Nublado;Simples;Reta;Não;2;0;0;0;2;0;0;2;-19.48879045;-40.12528404
147179.0;2018-07-17;terça-feira;11:50:00;101.0;267;SERRA;Falta de Atenção à Condução;Colisão traseira;Com Vítimas Feridas;Pleno dia;Decrescente;Céu Claro;Dupla;Interseção de vias;Sim;2;0;0;1;1;0;1;2;-20.20736388;-40.2693826
147299.0;2018-07-17;terça-feira;22:40:00;101.0;310.8;VIANA;Falta de Atenção à Condução;Saída de leito carroçável;Com Vítimas Fatais;Plena Noite;Crescente;Céu Claro;Simples;Ponte;Não;1;1;0;0;0;0;0;1;-20.43199;-40.45951
147322.0;2018-07-18;quarta-feira;06:30:00;101.0;298.1;VIANA;Falta de Atenção à Condução;Colisão transversal;Com Vítimas Feridas;Pleno dia;Decrescente;Céu Claro;Múltipla;Reta;Sim;2;0;1;0;1;0;1;2;-20.35514385;-40.41685313
147327.0;2018-07-18;quarta-feira;06:30:00;101.0;266.4;SERRA;Desobediência às normas de trânsito pelo condutor;Colisão transversal;Com Vítimas Feridas;Amanhecer;Decrescente;Garoa/Chuvisco;Dupla;Interseção de vias;Sim;2;0;1;0;1;0;1;2;-20.193633;-40.2685698
147332.0;2018-07-18;quarta-feira;07:45:00;101.0;266.3;SERRA;Falta de Atenção à Condução;Colisão traseira;Com Vítimas Feridas;Pleno dia;Crescente;Céu Claro;Dupla;Reta;Sim;2;0;1;0;1;0;1;2;-20.19519064;-40.26849747
147391.0;2018-07-18;quarta-feira;08:10:00;101.0;327.7;GUARAPARI;Desobediência às normas de trânsito pelo condutor;Queda de ocupante de veículo;Com Vítimas Feridas;Pleno dia;Decrescente;Céu Claro;Simples;Reta;Não;2;0;1;0;0;1;1;1;-20.6944616;-40.46813965
147400.0;2018-07-18;quarta-feira;15:00:00;101.0;148.7;LINHARES;Falta de Atenção à Condução;Colisão transversal;Com Vítimas Feridas;Pleno dia;Decrescente;Chuva;Simples;Reta;Sim;2;0;1;0;1;0;1;2;-19.39479654;-40.06506801
147413.0;2018-07-18;quarta-feira;15:40:00;101.0;261.3;SERRA;Falta de Atenção à Condução;Queda de ocupante de veículo;Com Vítimas Feridas;Pleno dia;Crescente;Nublado;Dupla;Não Informado;Sim;2;0;2;0;0;0;2;1;-20.1541087;-40.2778858
147417.0;2018-07-18;quarta-feira;16:00:00;101.0;286;CARIACICA;Defeito Mecânico no Veículo;Queda de ocupante de veículo;Com Vítimas Feridas;Pleno dia;Crescente;Céu Claro;Dupla;Desvio Temporário;Sim;1;0;1;0;0;0;1;1;-20.25865424;-40.37561417
147435.0;2018-07-18;quarta-feira;17:40:00;262.0;5.7;CARIACICA;Desobediência às normas de trânsito pelo condutor;Atropelamento de Pedestre;Com Vítimas Feridas;Anoitecer;Decrescente;Céu Claro;Múltipla;Não Informado;Sim;2;0;1;1;0;0;2;1;-20.33895426;-40.39279781
147497.0;2018-07-18;quarta-feira;23:00:00;101.0;358;ANCHIETA;Ultrapassagem Indevida;Colisão lateral;Com Vítimas Feridas;Plena Noite;Decrescente;Céu Claro;Simples;Reta;Não;4;0;1;2;1;0;3;2;-20.71501515;-40.73730469
147530.0;2018-07-19;quinta-feira;07:30:00;101.0;266.5;SERRA;Não guardar distância de segurança;Colisão traseira;Com Vítimas Feridas;Pleno dia;Crescente;Sol;Múltipla;Reta;Sim;2;0;1;0;1;0;1;2;-20.0966257;-40.3392783
147588.0;2018-07-19;quinta-feira;10:55:00;101.0;36;CONCEICAO DA BARRA;Falta de Atenção à Condução;Capotamento;Com Vítimas Feridas;Pleno dia;Decrescente;Sol;Simples;Reta;Não;1;0;1;0;0;0;1;1;-18.46481307;-39.92916584
147589.0;2018-07-19;quinta-feira;10:15:00;101.0;41.6;CONCEICAO DA BARRA;Não guardar distância de segurança;Tombamento;Sem Vítimas;Pleno dia;Crescente;Sol;Simples;Reta;Não;1;0;0;0;1;0;0;1;-18.508413;-39.915905
147599.0;2018-07-19;quinta-feira;08:14:00;393.0;0.2;CACHOEIRO DE ITAPEMIRIM;Falta de Atenção à Condução;Atropelamento de Pedestre;Com Vítimas Feridas;Pleno dia;Crescente;Sol;Simples;Reta;Sim;2;0;0;1;1;0;1;1;-20.84060406;-41.16053581
147679.0;2018-07-19;quinta-feira;19:55:00;101.0;0.6;SERRA;Não guardar distância de segurança;Colisão traseira;Com Vítimas Feridas;Plena Noite;Crescente;Céu Claro;Dupla;Reta;Sim;2;0;0;1;1;0;1;2;-20.23622748;-40.27700543
147698.0;2018-07-19;quinta-feira;21:00:00;262.0;3.7;CARIACICA;Falta de Atenção do Pedestre;Atropelamento de Pedestre;Com Vítimas Feridas;Plena Noite;Crescente;Nublado;Dupla;Curva;Sim;2;0;0;1;1;0;1;1;-20.33537188;-40.3761667
147617.0;2018-07-19;quinta-feira;14:45:00;101.0;181.1;ARACRUZ;Desobediência às normas de trânsito pelo condutor;Colisão transversal;Com Vítimas Feridas;Pleno dia;Decrescente;Céu Claro;Simples;Reta;Não;2;0;0;1;1;0;1;2;-19.63337196;-40.22755623
147875.0;2018-07-20;sexta-feira;18:10:00;101.0;247;SERRA;Desobediência às normas de trânsito pelo condutor;Colisão lateral;Com Vítimas Feridas;Plena Noite;Decrescente;Céu Claro;Simples;Interseção de vias;Sim;3;0;1;0;2;0;1;2;-20.06821614;-40.36668777
147703.0;2018-07-20;sexta-feira;00:30:00;101.0;269.5;SERRA;Desobediência às normas de trânsito pelo condutor;Colisão transversal;Com Vítimas Feridas;Plena Noite;Decrescente;Nublado;Múltipla;Não Informado;Sim;5;0;2;2;1;0;4;2;-20.22185172;-40.270257
147718.0;2018-07-20;sexta-feira;04:35:00;101.0;146.7;LINHARES;Desobediência às normas de trânsito pelo condutor;Colisão transversal;Com Vítimas Feridas;Plena Noite;Decrescente;Céu Claro;Múltipla;Interseção de vias;Sim;2;0;1;0;1;0;1;2;-19.37544594;-40.06594777
147743.0;2018-07-20;sexta-feira;07:00:00;262.0;174;IBATIBA;Restrição de Visibilidade;Colisão traseira;Com Vítimas Feridas;Pleno dia;Crescente;Nevoeiro/Neblina;Simples;Ponte;Não;3;0;1;0;2;0;1;2;-20.24862903;-41.55600959
147745.0;2018-07-20;sexta-feira;07:30:00;101.0;2;VITORIA;Falta de Atenção à Condução;Colisão traseira;Com Vítimas Feridas;Pleno dia;Crescente;Céu Claro;Dupla;Reta;Sim;2;0;0;1;1;0;1;2;-20.254608;-40.28916121
147781.0;2018-07-20;sexta-feira;09:00:00;101.0;150;LINHARES;Falta de Atenção à Condução;Tombamento;Com Vítimas Feridas;Pleno dia;Crescente;Céu Claro;Simples;Reta;Sim;2;0;2;0;0;0;2;1;-19.40205056;-40.06098568
147786.0;2018-07-20;sexta-feira;09:07:00;262.0;6.3;CARIACICA;Falta de Atenção à Condução;Colisão transversal;Com Vítimas Feridas;Pleno dia;Decrescente;Céu Claro;Dupla;Interseção de vias;Sim;3;0;1;0;1;1;1;2;-20.34175994;-40.39724082
147795.0;2018-07-20;sexta-feira;09:55:00;101.0;270;SERRA;Falta de Atenção à Condução;Colisão traseira;Com Vítimas Feridas;Pleno dia;Crescente;Sol;Múltipla;Reta;Sim;4;0;1;0;3;0;1;3;-20.22600069;-40.27088201
147836.0;2018-07-20;sexta-feira;15:00:00;101.0;270.5;SERRA;Agressão Externa;Colisão com objeto em movimento;Com Vítimas Feridas;Pleno dia;Crescente;Céu Claro;Dupla;Reta;Sim;1;0;0;1;0;0;1;1;-20.23136948;-40.27381373
147876.0;2018-07-20;sexta-feira;16:40:00;259.0;53.1;COLATINA;Desobediência às normas de trânsito pelo condutor;Colisão transversal;Com Vítimas Feridas;Pleno dia;Crescente;Céu Claro;Simples;Curva;Não;2;0;1;0;1;0;1;2;-19.49831144;-40.63077807
147808.0;2018-07-20;sexta-feira;12:10:00;101.0;165.4;LINHARES;Falta de Atenção à Condução;Queda de ocupante de veículo;Com Vítimas Feridas;Pleno dia;Decrescente;Céu Claro;Simples;Reta;Não;1;0;1;0;0;0;1;1;-19.51750582;-40.14255166
147918.0;2018-07-20;sexta-feira;21:20:00;101.0;149;LINHARES;Desobediência às normas de trânsito pelo condutor;Colisão transversal;Com Vítimas Feridas;Plena Noite;Crescente;Céu Claro;Múltipla;Interseção de vias;Sim;3;0;1;0;2;0;1;2;-19.39763011;-40.06404877
147874.0;2018-07-20;sexta-feira;17:45:00;101.0;176;ARACRUZ;Desobediência às normas de trânsito pelo condutor;Colisão transversal;Com Vítimas Feridas;Anoitecer;Decrescente;Céu Claro;Simples;Reta;Sim;3;0;3;0;0;0;3;2;-19.58744791;-40.19107819
147843.0;2018-07-20;sexta-feira;15:50:00;101.0;141.9;LINHARES;Desobediência às normas de trânsito pelo condutor;Colisão transversal;Com Vítimas Feridas;Pleno dia;Crescente;Céu Claro;Simples;Reta;Sim;2;0;1;1;0;0;2;2;-19.33655376;-40.06645739
147916.0;2018-07-20;sexta-feira;20:15:00;101.0;143;LINHARES;Mal Súbito;Tombamento;Com Vítimas Feridas;Plena Noite;Crescente;Céu Claro;Dupla;Reta;Sim;1;0;1;0;0;0;1;1;-19.34067403;-40.06475151
147954.0;2018-07-21;sábado;02:15:00;101.0;16;PEDRO CANARIO;Falta de Atenção à Condução;Colisão traseira;Com Vítimas Feridas;Plena Noite;Crescente;Céu Claro;Dupla;Reta;Sim;3;0;0;1;1;1;1;2;-18.298746;-39.957325
148004.0;2018-07-21;sábado;09:30:00;101.0;269;SERRA;Falta de Atenção à Condução;Queda de ocupante de veículo;Com Vítimas Feridas;Pleno dia;Crescente;Céu Claro;Múltipla;Reta;Sim;2;0;2;0;0;0;2;1;-20.22224035;-40.27059508
148016.0;2018-07-21;sábado;10:20:00;101.0;204.3;JOAO NEIVA;Falta de Atenção à Condução;Colisão transversal;Com Vítimas Feridas;Pleno dia;Decrescente;Céu Claro;Simples;Reta;Sim;3;0;0;2;1;0;2;2;-19.751516;-40.380238
148058.0;2018-07-21;sábado;15:30:00;101.0;48.1;MARECHAL FLORIANO;Falta de Atenção à Condução;Saída de leito carroçável;Com Vítimas Feridas;Pleno dia;Crescente;Céu Claro;Simples;Reta;Não;1;0;1;0;0;0;1;1;-20.41201125;-40.68720102
148067.0;2018-07-21;sábado;16:05:00;393.0;17.3;MUQUI;Falta de Atenção à Condução;Colisão com objeto estático;Com Vítimas Feridas;Pleno dia;Crescente;Sol;Dupla;Rotatória;Não;3;0;1;2;0;0;3;1;-20.88457557;-41.2711072
148090.0;2018-07-21;sábado;17:45:00;101.0;23;CONCEICAO DA BARRA;Falta de Atenção à Condução;Colisão transversal;Com Vítimas Feridas;Anoitecer;Crescente;Céu Claro;Simples;Reta;Não;3;0;1;1;0;1;2;2;-18.351198;-39.956894
148113.0;2018-07-21;sábado;18:00:00;101.0;270.5;SERRA;Desobediência às normas de trânsito pelo condutor;Colisão transversal;Sem Vítimas;Anoitecer;Decrescente;Céu Claro;Dupla;Retorno Regulamentado;Sim;2;0;0;0;2;0;0;2;-20.22654312;-40.2851342
148114.0;2018-07-21;sábado;18:35:00;101.0;373.4;ICONHA;Falta de Atenção à Condução;Colisão transversal;Com Vítimas Feridas;Plena Noite;Crescente;Céu Claro;Simples;Reta;Não;6;0;2;1;3;0;3;2;-20.78138;-40.7808
148140.0;2018-07-21;sábado;20:50:00;101.0;33;CONCEICAO DA BARRA;Falta de Atenção à Condução;Colisão transversal;Sem Vítimas;Plena Noite;Decrescente;Céu Claro;Simples;Reta;Sim;2;0;0;0;2;0;0;2;-18.43173626;-39.93418694
148165.0;2018-07-21;sábado;23:53:00;101.0;22;VIANA;Ingestão de Álcool;Colisão com objeto estático;Com Vítimas Feridas;Plena Noite;Crescente;Nublado;Simples;Reta;Não;2;0;0;2;0;0;2;1;-20.37415897;-40.51796436