id;data_inversa;dia_semana;horario;br;km;municipio;causa_acidente;tipo_acidente;classificacao_acidente;fase_dia;sentido_via;condicao_metereologica;tipo_pista;tracado_via;uso_solo;pessoas;mortos;feridos_leves;feridos_graves;ilesos;ignorados;feridos;veiculos;latitude;longitude
150821.0;2018-08-03;sexta-feira;17:00:00;262.0;155;IBATIBA;Ingestão de Álcool;Colisão frontal;Com Vítimas Fatais;Anoitecer;Decrescente;Nublado;Simples;Curva;Não;6;1;3;1;1;0;4;2;-20.22575787;-41.46587849
150646.0;2018-08-03;sexta-feira;08:40:00;101.0;144.3;LINHARES;Não guardar distância de segurança;Colisão traseira;Com Vítimas Feridas;Pleno dia;Crescente;Nublado;Simples;Reta;Sim;2;0;0;1;1;0;1;2;-19.37236906;-40.06602287
150647.0;2018-08-03;sexta-feira;09:00:00;101.0;107;SOORETAMA;Falta de Atenção à Condução;Queda de ocupante de veículo;Com Vítimas Feridas;Pleno dia;Decrescente;Nublado;Simples;Desvio Temporário;Não;1;0;0;1;0;0;1;1;-19.04394507;-40.02619743
150733.0;2018-08-03;sexta-feira;16:30:00;262.0;18;VIANA;Falta de Atenção à Condução;Queda de ocupante de veículo;Com Vítimas Feridas;Anoitecer;Crescente;Chuva;Simples;Interseção de vias;Não;1;0;1;0;0;0;1;1;-20.39270413;-40.48822403
150965.0;2018-08-04;sábado;17:00:00;101.0;294;CARIACICA;Falta de Atenção à Condução;Atropelamento de Pedestre;Com Vítimas Fatais;Anoitecer;Decrescente;Nublado;Dupla;Curva;Sim;3;1;0;0;1;1;0;1;-20.3138036;-40.39566424
150855.0;2018-08-04;sábado;05:20:00;101.0;140.4;LINHARES;Falta de Atenção à Condução;Saída de leito carroçável;Com Vítimas Fatais;Amanhecer;Decrescente;Nublado;Múltipla;Reta;Sim;6;1;3;1;1;0;4;1;-19.31924331;-40.07555008
151024.0;2018-08-04;sábado;22:00:00;101.0;213;IBIRACU;Defeito Mecânico no Veículo;Incêndio;Sem Vítimas;Plena Noite;Decrescente;Céu Claro;Dupla;Reta;Sim;1;0;0;0;1;0;0;1;-19.83550756;-40.38007736
150913.0;2018-08-04;sábado;11:10:00;101.0;66;SAO MATEUS;Desobediência às normas de trânsito pelo condutor;Colisão transversal;Com Vítimas Feridas;Pleno dia;Decrescente;Sol;Múltipla;Reta;Sim;3;0;3;0;0;0;3;2;-18.720545;-39.865883
150991.0;2018-08-04;sábado;18:30:00;101.0;32;CONCEICAO DA BARRA;Falta de Atenção à Condução;Colisão transversal;Sem Vítimas;Plena Noite;Crescente;Céu Claro;Simples;Desvio Temporário;Não;4;0;0;0;4;0;0;2;-18.425499;-39.934872
150906.0;2018-08-04;sábado;10:35:00;101.0;150.7;LINHARES;Desobediência às normas de trânsito pelo condutor;Colisão lateral;Com Vítimas Feridas;Pleno dia;Crescente;Garoa/Chuvisco;Múltipla;Interseção de vias;Sim;2;0;1;0;1;0;1;2;-19.40711453;-40.06408644
218129.0;2018-08-05;domingo;08:50:00;101.0;271.2;SERRA;Falta de Atenção à Condução;Colisão traseira;Sem Vítimas;Pleno dia;Crescente;Céu Claro;Dupla;Reta;Sim;2;0;0;0;2;0;0;2;-20.22712702;-40.28434932
151216.0;2018-08-05;domingo;20:00:00;101.0;193;ARACRUZ;Falta de Atenção à Condução;Colisão transversal;Com Vítimas Feridas;Plena Noite;Crescente;Céu Claro;Simples;Curva;Não;3;0;1;0;2;0;1;2;-19.71730302;-40.33939362
151235.0;2018-08-05;domingo;18:30:00;262.0;193;IUNA;Falta de Atenção à Condução;Queda de ocupante de veículo;Com Vítimas Feridas;Plena Noite;Decrescente;Céu Claro;Simples;Reta;Não;1;0;0;1;0;0;1;1;-20.2854;-41.758
151210.0;2018-08-05;domingo;19:00:00;101.0;302;VIANA;Ingestão de Álcool;Colisão lateral;Com Vítimas Feridas;Plena Noite;Decrescente;Céu Claro;Dupla;Reta;Sim;3;0;0;1;1;1;1;2;-20.37992004;-40.45400441
151212.0;2018-08-05;domingo;19:50:00;101.0;265.5;SERRA;Mal Súbito;Queda de ocupante de veículo;Com Vítimas Feridas;Plena Noite;Crescente;Céu Claro;Dupla;Reta;Sim;4;0;0;1;2;1;1;1;-20.18916911;-40.26827216
151159.0;2018-08-05;domingo;17:20:00;262.0;37.9;DOMINGOS MARTINS;Velocidade Incompatível;Colisão frontal;Com Vítimas Feridas;Pleno dia;Decrescente;Nevoeiro/Neblina;Simples;Reta;Sim;15;0;13;2;0;0;15;2;-20.38105835;-40.62005192
151173.0;2018-08-05;domingo;18:15:00;101.0;253.5;SERRA;Desobediência às normas de trânsito pelo condutor;Colisão traseira;Com Vítimas Feridas;Plena Noite;Decrescente;Céu Claro;Simples;Reta;Sim;3;0;2;0;1;0;2;2;-20.10798671;-40.32936752
151147.0;2018-08-05;domingo;14:40:00;101.0;295.2;CARIACICA;Falta de Atenção à Condução;Colisão traseira;Com Vítimas Feridas;Pleno dia;Decrescente;Nublado;Múltipla;Reta;Sim;3;0;0;1;1;1;1;2;-20.33437592;-40.40089399
151155.0;2018-08-05;domingo;16:40:00;262.0;45.1;DOMINGOS MARTINS;Mal Súbito;Colisão lateral;Com Vítimas Feridas;Anoitecer;Decrescente;Nublado;Simples;Reta;Não;3;0;1;0;2;0;1;2;-20.39232198;-40.67040503
151359.0;2018-08-06;segunda-feira;09:30:00;482.0;17.1;CACHOEIRO DE ITAPEMIRIM;Ultrapassagem Indevida;Colisão frontal;Com Vítimas Feridas;Pleno dia;Decrescente;Céu Claro;Simples;Interseção de vias;Não;2;0;1;0;1;0;1;2;-20.83934;-41.083893
151471.0;2018-08-07;terça-feira;06:40:00;262.0;6.9;CARIACICA;Falta de Atenção à Condução;Tombamento;Com Vítimas Feridas;Pleno dia;Decrescente;Nublado;Simples;Reta;Sim;1;0;1;0;0;0;1;1;-20.34221263;-40.39844513
151485.0;2018-08-07;terça-feira;08:30:00;101.0;270;SERRA;Falta de Atenção do Pedestre;Atropelamento de Pedestre;Com Vítimas Feridas;Pleno dia;Crescente;Nublado;Múltipla;Reta;Sim;2;0;0;1;1;0;1;1;-20.22835521;-40.27177513
151598.0;2018-08-07;terça-feira;19:40:00;101.0;219;IBIRACU;Falta de Atenção à Condução;Colisão transversal;Com Vítimas Feridas;Plena Noite;Crescente;Chuva;Simples;Reta;Não;2;0;0;1;1;0;1;2;-19.86424783;-40.39000154
151600.0;2018-08-07;terça-feira;19:20:00;101.0;183;ARACRUZ;Falta de Atenção à Condução;Queda de ocupante de veículo;Com Vítimas Feridas;Plena Noite;Crescente;Ignorado;Simples;Reta;Não;1;0;0;1;0;0;1;1;-19.64792262;-40.23283482
151451.0;2018-08-07;terça-feira;01:00:00;262.0;29.9;VIANA;Velocidade Incompatível;Tombamento;Com Vítimas Feridas;Plena Noite;Crescente;Chuva;Simples;Curva;Não;1;0;1;0;0;0;1;1;-20.37392765;-40.56450069
151648.0;2018-08-08;quarta-feira;06:30:00;101.0;179.2;LINHARES;Falta de Atenção à Condução;Colisão transversal;Com Vítimas Feridas;Pleno dia;Decrescente;Céu Claro;Simples;Reta;Não;4;0;0;1;3;0;1;2;-19.61793066;-40.21648407
151650.0;2018-08-08;quarta-feira;06:25:00;101.0;201.8;JOAO NEIVA;Desobediência às normas de trânsito pelo condutor;Colisão lateral;Com Vítimas Feridas;Pleno dia;Decrescente;Nublado;Simples;Reta;Não;3;0;0;1;2;0;1;3;-19.71693942;-40.33836365
151667.0;2018-08-08;quarta-feira;07:45:00;101.0;271.3;SERRA;Falta de Atenção à Condução;Colisão lateral;Com Vítimas Feridas;Pleno dia;Crescente;Garoa/Chuvisco;Dupla;Não Informado;Sim;4;0;1;0;3;0;1;3;-20.22995587;-40.2809
151766.0;2018-08-08;quarta-feira;19:00:00;101.0;267.3;SERRA;Falta de Atenção à Condução;Colisão transversal;Com Vítimas Feridas;Plena Noite;Crescente;Nublado;Dupla;Reta;Sim;2;0;2;0;0;0;2;2;-20.2006779;-40.2692566
151777.0;2018-08-08;quarta-feira;20:00:00;101.0;270;SERRA;Falta de Atenção à Condução;Colisão lateral;Com Vítimas Feridas;Plena Noite;Crescente;Céu Claro;Dupla;Reta;Sim;4;0;2;0;2;0;2;3;-20.22457933;-40.26987076
151794.0;2018-08-08;quarta-feira;18:00:00;101.0;357.9;ANCHIETA;Falta de Atenção à Condução;Capotamento;Sem Vítimas;Anoitecer;Decrescente;Nublado;Dupla;Não Informado;Não;2;0;0;0;2;0;0;1;-20.69130223;-40.70344236
151810.0;2018-08-08;quarta-feira;22:40:00;101.0;328;GUARAPARI;Falta de Atenção à Condução;Colisão transversal;Com Vítimas Feridas;Plena Noite;Crescente;Céu Claro;Simples;Reta;Não;2;0;1;0;1;0;1;2;-20.54904216;-40.48126638
151815.0;2018-08-08;quarta-feira;22:50:00;393.0;1.3;CACHOEIRO DE ITAPEMIRIM;Falta de Atenção à Condução;Saída de leito carroçável;Com Vítimas Feridas;Plena Noite;Decrescente;Céu Claro;Simples;Reta;Não;1;0;1;0;0;0;1;1;-20.8372;-41.1674
151854.0;2018-08-09;quinta-feira;08:07:00;101.0;162;LINHARES;Falta de Atenção à Condução;Colisão transversal;Com Vítimas Feridas;Pleno dia;Crescente;Sol;Simples;Interseção de vias;Sim;2;0;1;0;1;0;1;2;-19.51707099;-40.1423049
151950.0;2018-08-09;quinta-feira;18:40:00;101.0;286.9;CARIACICA;Objeto estático sobre o leito carroçável;Colisão com objeto estático;Com Vítimas Feridas;Plena Noite;Decrescente;Céu Claro;Dupla;Curva;Sim;1;0;1;0;0;0;1;1;-20.26388299;-40.38318604
151947.0;2018-08-09;quinta-feira;18:30:00;101.0;60;SAO MATEUS;Falta de Atenção à Condução;Colisão transversal;Com Vítimas Feridas;Plena Noite;Decrescente;Céu Claro;Simples;Interseção de vias;Sim;2;0;0;1;1;0;1;2;-18.6780201;-39.86470699
154228.0;2018-08-09;quinta-feira;05:07:00;101.0;266.2;SERRA;Desobediência às normas de trânsito pelo condutor;Colisão transversal;Com Vítimas Fatais;Amanhecer;Crescente;Garoa/Chuvisco;Múltipla;Interseção de vias;Sim;5;1;0;2;1;1;2;2;-20.19371045;-40.2686584
151847.0;2018-08-09;quinta-feira;06:20:00;101.0;2.7;VITORIA;Falta de Atenção à Condução;Colisão lateral;Com Vítimas Feridas;Pleno dia;Crescente;Céu Claro;Dupla;Reta;Sim;4;0;2;0;1;1;2;3;-20.25277608;-40.28798103
151838.0;2018-08-09;quinta-feira;05:40:00;101.0;66.5;SAO MATEUS;Defeito Mecânico no Veículo;Incêndio;Sem Vítimas;Pleno dia;Crescente;Nublado;Simples;Reta;Não;1;0;0;0;1;0;0;1;-18.716522;-39.874359
151848.0;2018-08-09;quinta-feira;07:50:00;101.0;266.5;SERRA;Pista Escorregadia;Tombamento;Com Vítimas Feridas;Pleno dia;Crescente;Céu Claro;Dupla;Reta;Sim;1;0;1;0;0;0;1;1;-20.19653991;-40.26878178
152175.0;2018-08-10;sexta-feira;19:30:00;101.0;266.7;SERRA;Falta de Atenção à Condução;Colisão transversal;Com Vítimas Feridas;Plena Noite;Crescente;Céu Claro;Múltipla;Reta;Sim;3;0;1;1;1;0;2;2;-20.1967454;-40.26881129
152108.0;2018-08-10;sexta-feira;15:50:00;101.0;225.7;IBIRACU;Falta de Atenção à Condução;Colisão lateral;Com Vítimas Feridas;Pleno dia;Crescente;Céu Claro;Simples;Reta;Não;3;0;0;1;1;1;1;2;-19.89709901;-40.41116953
152138.0;2018-08-10;sexta-feira;16:00:00;101.0;384;ICONHA;Avarias e/ou desgaste excessivo no pneu;Saída de leito carroçável;Com Vítimas Feridas;Pleno dia;Crescente;Sol;Simples;Reta;Não;1;0;1;0;0;0;1;1;-20.83218124;-40.85983336
152076.0;2018-08-10;sexta-feira;09:15:00;101.0;1.1;VITORIA;Falta de Atenção à Condução;Colisão lateral;Com Vítimas Feridas;Pleno dia;Decrescente;Céu Claro;Dupla;Reta;Não;2;0;1;0;1;0;1;2;-20.24297196;-40.28136671
151990.0;2018-08-10;sexta-feira;00:20:00;259.0;4;JOAO NEIVA;Defeito Mecânico no Veículo;Queda de ocupante de veículo;Com Vítimas Feridas;Plena Noite;Decrescente;Céu Claro;Simples;Reta;Não;2;0;0;2;0;0;2;1;-19.713015;-40.377636
152041.0;2018-08-10;sexta-feira;08:50:00;101.0;266.3;SERRA;Restrição de Visibilidade;Colisão lateral;Com Vítimas Feridas;Pleno dia;Crescente;Céu Claro;Dupla;Reta;Sim;2;0;1;0;1;0;1;2;-20.19424916;-40.2688542
152075.0;2018-08-10;sexta-feira;12:40:00;101.0;376.6;ICONHA;Não guardar distância de segurança;Colisão transversal;Com Vítimas Feridas;Pleno dia;Crescente;Nublado;Simples;Reta;Sim;2;0;0;1;1;0;1;2;-20.79023058;-40.80341578
152367.0;2018-08-11;sábado;18:00:00;262.0;6.5;CARIACICA;Falta de Atenção à Condução;Colisão lateral;Com Vítimas Feridas;Anoitecer;Crescente;Chuva;Dupla;Interseção de vias;Sim;2;0;1;0;1;0;1;2;-20.34160905;-40.39771557
152361.0;2018-08-11;sábado;17:10:00;101.0;330.4;GUARAPARI;Falta de Atenção à Condução;Colisão transversal;Com Vítimas Feridas;Pleno dia;Crescente;Garoa/Chuvisco;Simples;Curva;Sim;5;0;1;0;4;0;1;2;-20.5956087;-40.5029838
152359.0;2018-08-11;sábado;17:10:00;101.0;127.2;SOORETAMA;Falta de Atenção à Condução;Colisão lateral;Com Vítimas Feridas;Anoitecer;Crescente;Nublado;Dupla;Reta;Sim;2;0;0;1;1;0;1;2;-19.20379458;-40.09569359
152456.0;2018-08-11;sábado;23:30:00;262.0;112;VENDA NOVA DO IMIGRANTE;Velocidade Incompatível;Capotamento;Com Vítimas Feridas;Plena Noite;Decrescente;Céu Claro;Simples;Reta;Não;1;0;0;1;0;0;1;1;-20.3372;-41.201
152247.0;2018-08-11;sábado;06:15:00;101.0;327;GUARAPARI;Falta de Atenção à Condução;Saída de leito carroçável;Com Vítimas Feridas;Amanhecer;Crescente;Nublado;Simples;Curva;Não;1;0;1;0;0;0;1;1;-20.57101479;-40.48413858
152231.0;2018-08-11;sábado;03:30:00;101.0;144;LINHARES;Ingestão de Álcool;Capotamento;Com Vítimas Feridas;Plena Noite;Crescente;Céu Claro;Dupla;Reta;Sim;2;0;1;0;1;0;1;1;-19.35180108;-40.06344795
152389.0;2018-08-11;sábado;19:30:00;101.0;33.6;CONCEICAO DA BARRA;Animais na Pista;Atropelamento de Animal;Com Vítimas Feridas;Plena Noite;Crescente;Céu Claro;Simples;Reta;Não;6;0;3;0;3;0;3;2;-18.434742;-39.933537
152308.0;2018-08-11;sábado;11:40:00;101.0;69.1;SAO MATEUS;Falta de Atenção à Condução;Colisão traseira;Com Vítimas Feridas;Pleno dia;Decrescente;Céu Claro;Simples;Reta;Sim;5;0;2;0;3;0;2;4;-18.73566943;-39.86072123
152575.0;2018-08-12;domingo;17:50:00;101.0;135.9;LINHARES;Ingestão de Álcool;Saída de leito carroçável;Com Vítimas Feridas;Plena Noite;Crescente;Nublado;Simples;Reta;Não;1;0;1;0;0;0;1;1;-19.28331695;-40.08707821
152577.0;2018-08-12;domingo;18:30:00;101.0;134;LINHARES;Ingestão de Álcool;Queda de ocupante de veículo;Com Vítimas Feridas;Plena Noite;Decrescente;Céu Claro;Simples;Reta;Não;1;0;1;0;0;0;1;1;-19.2807951;-40.08737374
152538.0;2018-08-12;domingo;13:00:00;262.0;40;DOMINGOS MARTINS;Ingestão de Álcool;Colisão transversal;Sem Vítimas;Pleno dia;Crescente;Céu Claro;Simples;Interseção de vias;Sim;2;0;0;0;2;0;0;2;-20.3821;-40.6354
152625.0;2018-08-12;domingo;20:20:00;101.0;1.8;SERRA;Defeito Mecânico no Veículo;Tombamento;Com Vítimas Feridas;Plena Noite;Decrescente;Céu Claro;Dupla;Reta;Sim;2;0;2;0;0;0;2;1;-20.2472617;-40.2842396
152630.0;2018-08-12;domingo;20:20:00;262.0;55;MARECHAL FLORIANO;Falta de Atenção à Condução;Colisão frontal;Com Vítimas Feridas;Plena Noite;Crescente;Céu Claro;Simples;Curva;Não;2;0;0;1;1;0;1;2;-20.4090022;-40.7470587
152645.0;2018-08-12;domingo;18:45:00;101.0;396.8;RIO NOVO DO SUL;Ingestão de Álcool;Saída de leito carroçável;Com Vítimas Feridas;Plena Noite;Crescente;Céu Claro;Simples;Reta;Sim;2;0;2;0;0;0;2;1;-20.86737347;-40.93887806
152479.0;2018-08-12;domingo;04:45:00;101.0;270.9;SERRA;Velocidade Incompatível;Colisão com objeto estático;Com Vítimas Feridas;Plena Noite;Decrescente;Nublado;Múltipla;Viaduto;Sim;2;0;0;2;0;0;2;1;-20.23315934;-40.27532961
152495.0;2018-08-12;domingo;05:00:00;101.0;114;SOORETAMA;Falta de Atenção à Condução;Capotamento;Sem Vítimas;Amanhecer;Crescente;Nublado;Simples;Reta;Não;1;0;0;0;1;0;0;1;-19.07639512;-40.04224777
152858.0;2018-08-13;segunda-feira;19:10:00;101.0;299.9;VIANA;Falta de Atenção à Condução;Colisão traseira;Com Vítimas Feridas;Plena Noite;Decrescente;Céu Claro;Dupla;Não Informado;Sim;2;0;1;0;1;0;1;2;-20.35870968;-40.43144703
152853.0;2018-08-13;segunda-feira;18:30:00;101.0;270.5;SERRA;Falta de Atenção à Condução;Colisão traseira;Com Vítimas Feridas;Plena Noite;Decrescente;Céu Claro;Múltipla;Reta;Sim;3;0;1;1;1;0;2;2;-20.22960352;-40.27232766
152872.0;2018-08-13;segunda-feira;20:10:00;101.0;247.3;SERRA;Falta de Atenção do Pedestre;Atropelamento de Pedestre;Com Vítimas Fatais;Plena Noite;Crescente;Céu Claro;Simples;Reta;Não;3;1;0;0;2;0;0;2;-20.0681478;-40.36707189
152776.0;2018-08-13;segunda-feira;11:00:00;101.0;41;CONCEICAO DA BARRA;Falta de Atenção à Condução;Colisão traseira;Com Vítimas Feridas;Pleno dia;Crescente;Céu Claro;Simples;Reta;Não;3;0;1;1;0;1;2;2;-18.508413;-39.915905
152757.0;2018-08-13;segunda-feira;09:00:00;101.0;288.9;CARIACICA;Desobediência às normas de trânsito pelo condutor;Colisão traseira;Com Vítimas Feridas;Pleno dia;Decrescente;Céu Claro;Dupla;Reta;Sim;3;0;1;0;2;0;1;3;-20.27903984;-40.39278567
152727.0;2018-08-13;segunda-feira;07:30:00;101.0;265.5;SERRA;Falta de Atenção à Condução;Tombamento;Sem Vítimas;Pleno dia;Decrescente;Céu Claro;Dupla;Reta;Sim;1;0;0;0;1;0;0;1;-20.1872609;-40.26814073
152821.0;2018-08-13;segunda-feira;15:10:00;447.0;12.1;VILA VELHA;Falta de Atenção à Condução;Colisão traseira;Com Vítimas Feridas;Pleno dia;Decrescente;Céu Claro;Dupla;Reta;Sim;3;0;1;0;2;0;1;2;-20.35084472;-40.33389939
152947.0;2018-08-14;terça-feira;06:20:00;262.0;4.3;CARIACICA;Falta de Atenção à Condução;Colisão com objeto estático;Sem Vítimas;Pleno dia;Crescente;Céu Claro;Múltipla;Reta;Sim;1;0;0;0;1;0;0;1;-20.33722293;-40.38023293
152969.0;2018-08-14;terça-feira;12:00:00;101.0;266.4;SERRA;Agressão Externa;Tombamento;Com Vítimas Feridas;Pleno dia;Crescente;Céu Claro;Múltipla;Reta;Sim;1;0;1;0;0;0;1;1;-20.1945462;-40.26875496
152975.0;2018-08-14;terça-feira;12:40:00;101.0;293;CARIACICA;Desobediência às normas de trânsito pelo condutor;Colisão lateral;Com Vítimas Feridas;Pleno dia;Crescente;Sol;Dupla;Reta;Sim;2;0;0;1;0;1;1;2;-20.32136357;-40.39571894
153004.0;2018-08-14;terça-feira;15:15:00;101.0;146;LINHARES;Falta de Atenção à Condução;Colisão transversal;Com Vítimas Feridas;Pleno dia;Crescente;Céu Claro;Simples;Interseção de vias;Sim;2;0;1;0;1;0;1;2;-19.39461438;-40.06510019
153028.0;2018-08-14;terça-feira;17:06:00;101.0;22.3;VIANA;Defeito Mecânico no Veículo;Tombamento;Sem Vítimas;Anoitecer;Decrescente;Céu Claro;Simples;Reta;Não;1;0;0;0;1;0;0;1;-20.37506416;-40.51531971
153057.0;2018-08-14;terça-feira;18:10:00;101.0;271;SERRA;Não guardar distância de segurança;Colisão traseira;Com Vítimas Feridas;Plena Noite;Decrescente;Céu Claro;Múltipla;Interseção de vias;Não;3;0;2;0;1;0;2;2;-20.22377;-40.288081
153074.0;2018-08-14;terça-feira;19:40:00;101.0;258.6;SERRA;Falta de Atenção à Condução;Colisão com objeto estático;Com Vítimas Feridas;Plena Noite;Decrescente;Céu Claro;Múltipla;Reta;Sim;2;0;1;0;1;0;1;1;-20.13556425;-40.29218942
160723.0;2018-08-15;quarta-feira;06:20:00;262.0;6.3;CARIACICA;Falta de Atenção à Condução;Colisão lateral;Com Vítimas Feridas;Pleno dia;Crescente;Nublado;Dupla;Reta;Sim;1;0;1;0;0;0;1;1;-20.3404;-40.395
153120.0;2018-08-15;quarta-feira;07:00:00;101.0;293.3;CARIACICA;Falta de Atenção à Condução;Atropelamento de Pedestre;Com Vítimas Feridas;Pleno dia;Decrescente;Céu Claro;Dupla;Reta;Sim;3;0;1;1;0;1;2;1;-20.31711597;-40.39575219
153196.0;2018-08-15;quarta-feira;12:30:00;101.0;211.5;IBIRACU;Desobediência às normas de trânsito pelo condutor;Colisão transversal;Com Vítimas Feridas;Pleno dia;Decrescente;Céu Claro;Simples;Reta;Não;2;0;1;0;1;0;1;2;-19.81068865;-40.36618888
153212.0;2018-08-15;quarta-feira;15:00:00;262.0;142;IBATIBA;Desobediência às normas de trânsito pelo condutor;Tombamento;Com Vítimas Feridas;Pleno dia;Decrescente;Sol;Simples;Curva;Não;1;0;1;0;0;0;1;1;-20.22956326;-41.37807369
153217.0;2018-08-15;quarta-feira;15:45:00;101.0;269;SERRA;Desobediência às normas de trânsito pelo condutor;Colisão transversal;Com Vítimas Feridas;Pleno dia;Crescente;Céu Claro;Múltipla;Reta;Sim;3;0;0;2;1;0;2;2;-20.22185099;-40.27029779
153253.0;2018-08-15;quarta-feira;18:00:00;262.0;2.9;CARIACICA;Falta de Atenção do Pedestre;Atropelamento de Pedestre;Com Vítimas Feridas;Plena Noite;Crescente;Céu Claro;Dupla;Reta;Sim;3;0;1;0;1;1;1;1;-20.3332;-40.3685
153268.0;2018-08-15;quarta-feira;18:30:00;101.0;270.7;SERRA;Falta de Atenção à Condução;Colisão lateral;Com Vítimas Feridas;Plena Noite;Crescente;Nublado;Múltipla;Interseção de vias;Sim;2;0;1;0;1;0;1;2;-20.23049162;-40.2734226
153432.0;2018-08-16;quinta-feira;17:40:00;101.0;265.1;SERRA;Não guardar distância de segurança;Colisão traseira;Com Vítimas Feridas;Plena Noite;Decrescente;Nublado;Múltipla;Reta;Sim;4;0;1;0;3;0;1;3;-20.1897811;-40.2685508
153441.0;2018-08-16;quinta-feira;19:45:00;259.0;60;COLATINA;Falta de Atenção do Pedestre;Atropelamento de Pedestre;Com Vítimas Feridas;Plena Noite;Crescente;Céu Claro;Dupla;Reta;Não;2;0;1;1;0;0;2;1;-19.52225855;-40.66799641
160800.0;2018-08-16;quinta-feira;12:25:00;101.0;266;SERRA;Falta de Atenção à Condução;Colisão lateral;Com Vítimas Feridas;Pleno dia;Crescente;Céu Claro;Dupla;Reta;Sim;1;0;1;0;0;0;1;1;-20.19703048;-40.26938324
153299.0;2018-08-16;quinta-feira;04:00:00;101.0;444;MIMOSO DO SUL;Condutor Dormindo;Tombamento;Com Vítimas Feridas;Plena Noite;Decrescente;Céu Claro;Simples;Curva;Não;1;0;1;0;0;0;1;1;-21.11781146;-41.26464844
153395.0;2018-08-16;quinta-feira;17:20:00;101.0;270;SERRA;Falta de Atenção à Condução;Colisão lateral;Com Vítimas Feridas;Anoitecer;Crescente;Céu Claro;Dupla;Reta;Sim;3;0;1;0;2;0;1;3;-20.22989098;-40.27203441
153530.0;2018-08-17;sexta-feira;08:15:00;101.0;16.8;PEDRO CANARIO;Não guardar distância de segurança;Colisão traseira;Sem Vítimas;Pleno dia;Crescente;Céu Claro;Simples;Curva;Sim;2;0;0;0;2;0;0;2;-18.298746;-39.957325
153531.0;2018-08-17;sexta-feira;08:30:00;101.0;265.5;SERRA;Desobediência às normas de trânsito pelo condutor;Colisão lateral;Com Vítimas Feridas;Pleno dia;Crescente;Nublado;Múltipla;Interseção de vias;Sim;2;0;1;0;1;0;1;2;-20.1857756;-40.26777864
153548.0;2018-08-17;sexta-feira;11:00:00;262.0;3.7;CARIACICA;Desobediência às normas de trânsito pelo condutor;Colisão traseira;Com Vítimas Feridas;Pleno dia;Crescente;Nublado;Dupla;Reta;Sim;2;0;1;0;1;0;1;2;-20.335113;-40.3727599
153591.0;2018-08-17;sexta-feira;14:40:00;101.0;293.5;CARIACICA;Falta de Atenção à Condução;Colisão traseira;Sem Vítimas;Pleno dia;Crescente;Chuva;Dupla;Interseção de vias;Sim;2;0;0;0;2;0;0;2;-20.32091586;-40.39604081
153619.0;2018-08-17;sexta-feira;17:15:00;101.0;323.7;GUARAPARI;Desobediência às normas de trânsito pelo condutor;Colisão traseira;Com Vítimas Feridas;Anoitecer;Crescente;Garoa/Chuvisco;Simples;Reta;Não;4;0;2;0;1;1;2;3;-20.543;-40.482
153636.0;2018-08-17;sexta-feira;18:20:00;101.0;80;SAO MATEUS;Objeto estático sobre o leito carroçável;Colisão com objeto em movimento;Com Vítimas Feridas;Plena Noite;Crescente;Céu Claro;Simples;Reta;Não;1;0;1;0;0;0;1;1;-18.720545;-39.865883
153644.0;2018-08-17;sexta-feira;18:30:00;101.0;231;FUNDAO;Falta de Atenção à Condução;Colisão traseira;Com Vítimas Feridas;Anoitecer;Decrescente;Nublado;Simples;Reta;Sim;2;0;1;0;1;0;1;2;-19.94496884;-40.40710554
153694.0;2018-08-17;sexta-feira;19:15:00;101.0;296.4;CARIACICA;Desobediência às normas de trânsito pelo condutor;Colisão frontal;Com Vítimas Feridas;Plena Noite;Crescente;Nublado;Simples;Desvio Temporário;Sim;3;0;0;1;1;1;1;3;-20.34283633;-40.40638983
153649.0;2018-08-17;sexta-feira;18:20:00;262.0;43.8;MARECHAL FLORIANO;Falta de Atenção à Condução;Colisão frontal;Com Vítimas Feridas;Plena Noite;Crescente;Nublado;Simples;Interseção de vias;Não;2;0;0;1;1;0;1;2;-20.3875587;-40.66831721
153664.0;2018-08-17;sexta-feira;19:30:00;101.0;257.6;SERRA;Falta de Atenção à Condução;Colisão traseira;Com Vítimas Feridas;Plena Noite;Decrescente;Nublado;Dupla;Reta;Sim;4;0;1;0;3;0;1;3;-20.1239445;-40.30420303
153673.0;2018-08-17;sexta-feira;18:15:00;101.0;179;ARACRUZ;Falta de Atenção à Condução;Saída de leito carroçável;Com Vítimas Feridas;Plena Noite;Decrescente;Nublado;Simples;Reta;Não;1;0;1;0;0;0;1;1;-19.61778917;-40.21630973
153675.0;2018-08-17;sexta-feira;20:00:00;262.0;119.2;CONCEICAO DO CASTELO;Pista Escorregadia;Colisão frontal;Com Vítimas Feridas;Plena Noite;Crescente;Chuva;Simples;Reta;Não;3;0;2;0;1;0;2;2;-20.3073;-41.2311
153678.0;2018-08-17;sexta-feira;20:25:00;101.0;143;LINHARES;Ingestão de Álcool;Colisão traseira;Com Vítimas Feridas;Plena Noite;Crescente;Céu Claro;Dupla;Reta;Sim;4;0;2;0;1;1;2;2;-19.55602423;-40.17250389