id;data_inversa;dia_semana;horario;br;km;municipio;causa_acidente;tipo_acidente;classificacao_acidente;fase_dia;sentido_via;condicao_metereologica;tipo_pista;tracado_via;uso_solo;pessoas;mortos;feridos_leves;feridos_graves;ilesos;ignorados;feridos;veiculos;latitude;longitude
164517.0;2018-10-10;quarta-feira;08:50:00;101.0;303.7;VIANA;Carga excessiva e/ou mal acondicionada;Colisão com objeto em movimento;Com Vítimas Feridas;Pleno dia;Crescente;Céu Claro;Dupla;Reta;Não;1;0;1;0;0;0;1;1;-20.38035435;-40.45337677
164621.0;2018-10-10;quarta-feira;18:45:00;101.0;267.8;SERRA;Desobediência às normas de trânsito pelo condutor;Colisão transversal;Com Vítimas Feridas;Plena Noite;Decrescente;Céu Claro;Múltipla;Reta;Sim;4;0;0;1;1;2;1;2;-20.20638724;-40.26936114
164593.0;2018-10-10;quarta-feira;15:45:00;101.0;224.8;IBIRACU;Ultrapassagem Indevida;Saída de leito carroçável;Com Vítimas Fatais;Pleno dia;Crescente;Céu Claro;Simples;Reta;Não;1;1;0;0;0;0;0;1;-19.89362857;-40.41320801
164555.0;2018-10-10;quarta-feira;12:30:00;262.0;3.9;CARIACICA;Falta de Atenção à Condução;Colisão traseira;Com Vítimas Feridas;Pleno dia;Crescente;Céu Claro;Múltipla;Reta;Sim;2;0;1;0;1;0;1;2;-20.33656903;-40.37928343
164821.0;2018-10-11;quinta-feira;18:45:00;101.0;67.6;SAO MATEUS;Desobediência às normas de trânsito pelo condutor;Colisão transversal;Com Vítimas Feridas;Plena Noite;Decrescente;Céu Claro;Múltipla;Interseção de vias;Sim;3;0;2;0;1;0;2;2;-18.720545;-39.865883
164877.0;2018-10-11;quinta-feira;23:20:00;101.0;270.8;SERRA;Agressão Externa;Incêndio;Sem Vítimas;Plena Noite;Crescente;Ignorado;Múltipla;Reta;Sim;1;0;0;0;1;0;0;1;-20.22793239;-40.27142644
164853.0;2018-10-11;quinta-feira;21:15:00;262.0;81.4;DOMINGOS MARTINS;Falta de Atenção à Condução;Colisão lateral;Com Vítimas Feridas;Plena Noite;Decrescente;Nublado;Simples;Reta;Não;3;0;1;0;2;0;1;3;-20.40796902;-40.95147371
164829.0;2018-10-11;quinta-feira;19:35:00;262.0;1.4;CARIACICA;Desobediência às normas de trânsito pelo condutor;Colisão transversal;Com Vítimas Feridas;Plena Noite;Decrescente;Nublado;Dupla;Interseção de vias;Sim;4;0;0;1;2;1;1;2;-20.3329373;-40.35687089
164675.0;2018-10-11;quinta-feira;06:00:00;101.0;67.5;SAO MATEUS;Desobediência às normas de trânsito pelo condutor;Colisão transversal;Com Vítimas Feridas;Pleno dia;Crescente;Sol;Simples;Interseção de vias;Sim;3;0;1;0;2;0;1;3;-18.720545;-39.865883
164716.0;2018-10-11;quinta-feira;09:00:00;259.0;8.6;JOAO NEIVA;Velocidade Incompatível;Tombamento;Com Vítimas Feridas;Pleno dia;Decrescente;Céu Claro;Simples;Curva;Não;2;0;1;0;1;0;1;1;-19.60636892;-40.49586296
164740.0;2018-10-11;quinta-feira;10:45:00;262.0;159.4;IBATIBA;Desobediência às normas de trânsito pelo condutor;Colisão transversal;Com Vítimas Feridas;Pleno dia;Crescente;Céu Claro;Simples;Interseção de vias;Sim;3;0;1;0;2;0;1;2;-20.2373;-41.5112
164768.0;2018-10-11;quinta-feira;13:50:00;101.0;259.5;SERRA;Não guardar distância de segurança;Colisão lateral;Com Vítimas Feridas;Pleno dia;Decrescente;Céu Claro;Dupla;Reta;Sim;2;0;0;1;1;0;1;2;-20.12944472;-40.2978301
164779.0;2018-10-11;quinta-feira;16:00:00;101.0;264;SERRA;Desobediência às normas de trânsito pelo condutor;Colisão transversal;Com Vítimas Feridas;Pleno dia;Crescente;Céu Claro;Dupla;Interseção de vias;Sim;3;0;0;1;1;1;1;3;-20.17642043;-40.26611567
164780.0;2018-10-11;quinta-feira;16:30:00;101.0;388.6;RIO NOVO DO SUL;Velocidade Incompatível;Tombamento;Com Vítimas Feridas;Pleno dia;Decrescente;Nublado;Simples;Curva;Não;3;0;2;0;1;0;2;2;-20.87292728;-40.9487915
164792.0;2018-10-11;quinta-feira;17:00:00;101.0;298;CARIACICA;Falta de Atenção à Condução;Atropelamento de Pedestre;Com Vítimas Feridas;Pleno dia;Decrescente;Céu Claro;Múltipla;Reta;Sim;2;0;0;1;0;1;1;1;-20.34699972;-40.40786907
164803.0;2018-10-11;quinta-feira;17:15:00;101.0;402.4;ITAPEMIRIM;Ingestão de Álcool;Colisão traseira;Sem Vítimas;Plena Noite;Decrescente;Nublado;Múltipla;Reta;Não;2;0;0;0;2;0;0;2;-20.88965763;-40.99408865
165109.0;2018-10-12;sexta-feira;23:00:00;101.0;203.5;JOAO NEIVA;Desobediência às normas de trânsito pelo condutor;Tombamento;Sem Vítimas;Plena Noite;Decrescente;Chuva;Dupla;Curva;Não;1;0;0;0;1;0;0;1;-19.74641805;-40.37537456
164927.0;2018-10-12;sexta-feira;06:20:00;101.0;145;LINHARES;Condutor Dormindo;Queda de ocupante de veículo;Com Vítimas Feridas;Amanhecer;Crescente;Céu Claro;Simples;Reta;Sim;1;0;1;0;0;0;1;1;-19.35536423;-40.06427407
164933.0;2018-10-12;sexta-feira;07:00:00;259.0;50;COLATINA;Desobediência às normas de trânsito pelo condutor;Colisão transversal;Com Vítimas Feridas;Pleno dia;Decrescente;Nublado;Simples;Interseção de vias;Sim;2;0;1;0;1;0;1;2;-19.510103;-40.606152
165023.0;2018-10-12;sexta-feira;15:30:00;262.0;19.8;VIANA;Falta de Atenção à Condução;Colisão traseira;Com Vítimas Feridas;Pleno dia;Decrescente;Céu Claro;Simples;Reta;Sim;4;0;1;0;3;0;1;3;-20.38672044;-40.4957726
165052.0;2018-10-12;sexta-feira;12:22:00;101.0;379;ICONHA;Falta de Atenção à Condução;Colisão transversal;Com Vítimas Feridas;Pleno dia;Crescente;Céu Claro;Simples;Reta;Não;3;0;2;0;1;0;2;2;-20.79816429;-40.82244873
165054.0;2018-10-12;sexta-feira;17:45:00;101.0;144;LINHARES;Falta de Atenção à Condução;Colisão traseira;Com Vítimas Feridas;Plena Noite;Decrescente;Céu Claro;Múltipla;Interseção de vias;Sim;4;0;1;0;3;0;1;2;-19.35175047;-40.06351769
165049.0;2018-10-12;sexta-feira;17:40:00;101.0;385.9;RIO NOVO DO SUL;Condutor Dormindo;Saída de leito carroçável;Com Vítimas Feridas;Anoitecer;Decrescente;Céu Claro;Simples;Curva;Não;1;0;0;1;0;0;1;1;-20.84138616;-40.87196231
165065.0;2018-10-12;sexta-feira;18:50:00;101.0;308;VIANA;Ingestão de Álcool;Atropelamento de Pedestre;Com Vítimas Feridas;Plena Noite;Crescente;Céu Claro;Simples;Reta;Não;2;0;0;1;1;0;1;1;-20.40416802;-40.41166306
165127.0;2018-10-13;sábado;02:45:00;101.0;417.9;CACHOEIRO DE ITAPEMIRIM;Ingestão de Álcool;Colisão frontal;Com Vítimas Feridas;Plena Noite;Decrescente;Céu Claro;Simples;Reta;Não;2;0;1;0;1;0;1;2;-20.95256268;-41.0906589
165162.0;2018-10-13;sábado;08:00:00;101.0;220.2;IBIRACU;Falta de Atenção à Condução;Saída de leito carroçável;Com Vítimas Feridas;Pleno dia;Decrescente;Céu Claro;Simples;Reta;Não;2;0;0;1;1;0;1;1;-19.86497434;-40.39439768
165174.0;2018-10-13;sábado;09:30:00;262.0;0.5;CARIACICA;Desobediência às normas de trânsito pelo condutor;Colisão lateral;Com Vítimas Feridas;Pleno dia;Decrescente;Céu Claro;Simples;Reta;Sim;5;0;1;3;1;0;4;2;-20.32190074;-40.35392398
165176.0;2018-10-13;sábado;09:50:00;101.0;54.1;SAO MATEUS;Velocidade Incompatível;Capotamento;Com Vítimas Feridas;Pleno dia;Decrescente;Céu Claro;Simples;Desvio Temporário;Não;2;0;1;0;1;0;1;1;-18.620737;-39.881874
165228.0;2018-10-13;sábado;16:00:00;101.0;297.4;VIANA;Animais na Pista;Colisão traseira;Com Vítimas Feridas;Pleno dia;Crescente;Céu Claro;Dupla;Reta;Sim;4;0;1;0;2;1;1;3;-20.34866488;-40.41205198
165287.0;2018-10-13;sábado;20:50:00;101.0;146.5;LINHARES;Desobediência às normas de trânsito pelo condutor;Colisão lateral;Com Vítimas Feridas;Plena Noite;Decrescente;Céu Claro;Múltipla;Reta;Sim;2;0;0;1;1;0;1;2;-19.37324962;-40.06572247
165525.0;2018-10-14;domingo;23:15:00;101.0;265.7;SERRA;Velocidade Incompatível;Colisão traseira;Com Vítimas Feridas;Plena Noite;Decrescente;Nublado;Múltipla;Reta;Sim;4;0;1;0;3;0;1;3;-20.188114;-40.26822712
165495.0;2018-10-14;domingo;20:30:00;101.0;125.7;SOORETAMA;Falta de Atenção à Condução;Colisão traseira;Com Vítimas Feridas;Plena Noite;Crescente;Nublado;Simples;Reta;Sim;2;0;1;0;1;0;1;2;-19.19218989;-40.09426117
165472.0;2018-10-14;domingo;18:30:00;262.0;160.3;IBATIBA;Velocidade Incompatível;Colisão transversal;Sem Vítimas;Plena Noite;Crescente;Chuva;Simples;Curva;Não;2;0;0;0;2;0;0;2;-20.23689188;-41.51650786
165947.0;2018-10-14;domingo;15:00:00;262.0;158.3;IBATIBA;Não guardar distância de segurança;Colisão traseira;Com Vítimas Feridas;Pleno dia;Crescente;Chuva;Simples;Reta;Não;2;0;0;1;1;0;1;2;-20.23071089;-41.49743199
165453.0;2018-10-14;domingo;18:30:00;101.0;285;CARIACICA;Falta de Atenção à Condução;Queda de ocupante de veículo;Com Vítimas Feridas;Plena Noite;Decrescente;Garoa/Chuvisco;Múltipla;Desvio Temporário;Não;1;0;1;0;0;0;1;1;-20.25119579;-40.37252963
165466.0;2018-10-14;domingo;19:00:00;101.0;391.2;RIO NOVO DO SUL;Velocidade Incompatível;Colisão lateral;Com Vítimas Fatais;Plena Noite;Crescente;Chuva;Simples;Curva;Não;5;1;0;1;3;0;1;4;-20.8658697;-40.91282845
165434.0;2018-10-14;domingo;16:00:00;101.0;143;LINHARES;Ingestão de Álcool;Colisão traseira;Sem Vítimas;Pleno dia;Decrescente;Sol;Múltipla;Reta;Sim;2;0;0;0;2;0;0;2;-19.33747687;-40.06575465
165435.0;2018-10-14;domingo;16:00:00;262.0;71;MARECHAL FLORIANO;Desobediência às normas de trânsito pelo condutor;Colisão frontal;Com Vítimas Feridas;Pleno dia;Crescente;Garoa/Chuvisco;Simples;Curva;Não;3;0;0;1;2;0;1;2;-20.4112923;-40.88035494
165310.0;2018-10-14;domingo;01:00:00;101.0;173;ARACRUZ;Ingestão de Álcool;Atropelamento de Pedestre;Com Vítimas Feridas;Plena Noite;Crescente;Ignorado;Simples;Reta;Não;2;0;0;1;0;1;1;2;-19.56253995;-40.17743111
167016.0;2018-10-14;domingo;15:00:00;262.0;169.3;IBATIBA;Pista Escorregadia;Colisão frontal;Com Vítimas Fatais;Pleno dia;Decrescente;Chuva;Simples;Curva;Não;3;1;0;0;1;1;0;2;-20.26501527;-41.579175
165389.0;2018-10-14;domingo;12:45:00;101.0;180.9;ARACRUZ;Desobediência às normas de trânsito pelo condutor;Saída de leito carroçável;Com Vítimas Feridas;Pleno dia;Crescente;Céu Claro;Simples;Não Informado;Não;3;0;1;0;2;0;1;1;-19.63146209;-40.22633851
165354.0;2018-10-14;domingo;09:00:00;101.0;100.2;JAGUARE;Falta de Atenção à Condução;Colisão transversal;Com Vítimas Feridas;Pleno dia;Decrescente;Sol;Simples;Reta;Sim;2;0;1;0;1;0;1;2;-18.93584072;-39.97426987
165664.0;2018-10-15;segunda-feira;15:50:00;262.0;4.3;CARIACICA;Falta de Atenção à Condução;Tombamento;Com Vítimas Feridas;Pleno dia;Crescente;Nublado;Múltipla;Curva;Sim;2;0;0;1;0;1;1;1;-20.33858103;-40.38248599
165728.0;2018-10-15;segunda-feira;21:08:00;101.0;144;LINHARES;Falta de Atenção à Condução;Colisão transversal;Com Vítimas Feridas;Plena Noite;Crescente;Céu Claro;Múltipla;Reta;Sim;2;0;2;0;0;0;2;2;-19.35305629;-40.0635767
171804.0;2018-10-16;terça-feira;21:00:00;262.0;142;MUNIZ FREIRE;Falta de Atenção à Condução;Colisão lateral;Com Vítimas Feridas;Plena Noite;Crescente;Céu Claro;Simples;Reta;Não;3;0;0;1;2;0;1;2;-20.229;-41.389
165816.0;2018-10-16;terça-feira;11:40:00;101.0;0.1;SERRA;Falta de Atenção à Condução;Colisão traseira;Com Vítimas Feridas;Pleno dia;Decrescente;Nublado;Simples;Reta;Sim;3;0;1;0;2;0;1;2;-20.23483829;-40.27602911
165853.0;2018-10-16;terça-feira;14:50:00;101.0;285.8;CARIACICA;Falta de Atenção à Condução;Tombamento;Com Vítimas Feridas;Pleno dia;Crescente;Chuva;Dupla;Reta;Sim;1;0;1;0;0;0;1;1;-20.25457387;-40.37495865
165856.0;2018-10-16;terça-feira;14:50:00;262.0;35.3;DOMINGOS MARTINS;Pista Escorregadia;Colisão com objeto estático;Com Vítimas Feridas;Pleno dia;Decrescente;Garoa/Chuvisco;Simples;Curva;Não;1;0;1;0;0;0;1;1;-20.37689462;-40.59420163
165892.0;2018-10-16;terça-feira;17:20:00;101.0;213;IBIRACU;Falta de Atenção à Condução;Colisão transversal;Com Vítimas Feridas;Plena Noite;Crescente;Chuva;Simples;Reta;Não;3;0;1;0;2;0;1;2;-19.82968864;-40.37054803
165904.0;2018-10-16;terça-feira;19:30:00;101.0;229.9;FUNDAO;Falta de Atenção do Pedestre;Atropelamento de Pedestre;Com Vítimas Feridas;Plena Noite;Crescente;Chuva;Simples;Reta;Sim;2;0;0;1;1;0;1;1;-19.93478472;-40.40541887
165930.0;2018-10-16;terça-feira;23:00:00;101.0;269;SERRA;Pista Escorregadia;Tombamento;Com Vítimas Feridas;Plena Noite;Crescente;Chuva;Dupla;Reta;Sim;2;0;1;1;0;0;2;1;-20.22304189;-40.27030852
165820.0;2018-10-16;terça-feira;12:00:00;101.0;447.7;MIMOSO DO SUL;Velocidade Incompatível;Colisão lateral;Com Vítimas Fatais;Pleno dia;Crescente;Chuva;Simples;Curva;Não;3;1;0;1;1;0;1;3;-21.12900532;-41.28035545
165966.0;2018-10-17;quarta-feira;07:15:00;101.0;128.2;SOORETAMA;Desobediência às normas de trânsito pelo condutor;Colisão traseira;Sem Vítimas;Pleno dia;Crescente;Garoa/Chuvisco;Simples;Reta;Não;2;0;0;0;2;0;0;2;-19.21253477;-40.09460449
165994.0;2018-10-17;quarta-feira;11:05:00;262.0;5.7;CARIACICA;Não guardar distância de segurança;Colisão traseira;Com Vítimas Feridas;Pleno dia;Crescente;Chuva;Dupla;Reta;Sim;5;0;3;0;2;0;3;2;-20.3376312;-40.39044
165963.0;2018-10-17;quarta-feira;07:50:00;101.0;264.5;SERRA;Desobediência às normas de trânsito pelo condutor;Colisão lateral;Com Vítimas Feridas;Pleno dia;Crescente;Chuva;Múltipla;Reta;Sim;3;0;0;1;2;0;1;3;-20.17827448;-40.26557952
166009.0;2018-10-17;quarta-feira;02:15:00;262.0;34;DOMINGOS MARTINS;Velocidade Incompatível;Tombamento;Com Vítimas Feridas;Plena Noite;Crescente;Chuva;Simples;Curva;Não;1;0;0;1;0;0;1;1;-20.3730124;-40.59288198
166038.0;2018-10-17;quarta-feira;16:30:00;262.0;31.9;DOMINGOS MARTINS;Velocidade Incompatível;Colisão frontal;Com Vítimas Feridas;Pleno dia;Crescente;Chuva;Simples;Curva;Não;2;0;0;1;1;0;1;2;-20.3768;-40.5817
166015.0;2018-10-17;quarta-feira;11:55:00;101.0;256;SERRA;Pista Escorregadia;Queda de ocupante de veículo;Com Vítimas Feridas;Pleno dia;Crescente;Chuva;Simples;Desvio Temporário;Não;1;0;0;1;0;0;1;1;-20.12150661;-40.30701399
166032.0;2018-10-17;quarta-feira;15:50:00;101.0;233.5;FUNDAO;Defeito Mecânico no Veículo;Tombamento;Com Vítimas Feridas;Pleno dia;Decrescente;Chuva;Simples;Curva;Não;2;0;1;1;0;0;2;1;-19.96825763;-40.40678037
166267.0;2018-10-18;quinta-feira;19:25:00;262.0;2.1;CARIACICA;Falta de Atenção do Pedestre;Atropelamento de Pedestre;Com Vítimas Feridas;Plena Noite;Crescente;Garoa/Chuvisco;Dupla;Reta;Sim;2;0;1;0;1;0;1;1;-20.33558188;-40.37496194
166271.0;2018-10-18;quinta-feira;10:35:00;262.0;180;IBATIBA;Mal Súbito;Capotamento;Com Vítimas Feridas;Pleno dia;Crescente;Nublado;Simples;Reta;Não;1;0;0;1;0;0;1;1;-20.2959398;-41.6898482
166293.0;2018-10-18;quinta-feira;21:00:00;262.0;6.5;CARIACICA;Desobediência às normas de trânsito pelo condutor;Colisão transversal;Com Vítimas Fatais;Plena Noite;Decrescente;Chuva;Múltipla;Reta;Sim;2;1;0;1;0;0;1;2;-20.34245406;-40.39999008
166301.0;2018-10-18;quinta-feira;20:00:00;101.0;229.4;FUNDAO;Agressão Externa;Colisão lateral;Sem Vítimas;Plena Noite;Decrescente;Nublado;Simples;Curva;Sim;2;0;0;0;1;1;0;2;-19.9309373;-40.4059213
166345.0;2018-10-19;sexta-feira;08:00:00;101.0;270;SERRA;Falta de Atenção à Condução;Colisão lateral;Com Vítimas Feridas;Pleno dia;Crescente;Céu Claro;Dupla;Reta;Sim;2;0;1;0;1;0;1;2;-20.22648272;-40.27075052
166351.0;2018-10-19;sexta-feira;10:20:00;262.0;3.5;CARIACICA;Falta de Atenção à Condução;Colisão lateral;Com Vítimas Feridas;Pleno dia;Decrescente;Céu Claro;Múltipla;Reta;Sim;2;0;1;0;1;0;1;2;-20.3332;-40.3685
166363.0;2018-10-19;sexta-feira;12:00:00;101.0;66.5;SAO MATEUS;Falta de Atenção à Condução;Tombamento;Com Vítimas Feridas;Pleno dia;Decrescente;Sol;Múltipla;Reta;Sim;1;0;1;0;0;0;1;1;-18.716522;-39.874359
166886.0;2018-10-19;sexta-feira;17:45:00;259.0;12;JOAO NEIVA;Pista Escorregadia;Capotamento;Com Vítimas Feridas;Plena Noite;Decrescente;Garoa/Chuvisco;Dupla;Reta;Não;1;0;0;1;0;0;1;1;-19.67923518;-40.39669454
166369.0;2018-10-19;sexta-feira;12:10:00;262.0;111;VENDA NOVA DO IMIGRANTE;Falta de Atenção à Condução;Colisão transversal;Com Vítimas Feridas;Pleno dia;Crescente;Nublado;Simples;Interseção de vias;Sim;2;0;0;1;1;0;1;2;-20.3373;-41.1926
166409.0;2018-10-19;sexta-feira;16:20:00;101.0;330.1;GUARAPARI;Ultrapassagem Indevida;Queda de ocupante de veículo;Com Vítimas Feridas;Pleno dia;Decrescente;Nublado;Simples;Reta;Não;4;0;0;1;1;2;1;3;-20.60056034;-40.50257921
166484.0;2018-10-19;sexta-feira;22:00:00;101.0;90;JAGUARE;Não guardar distância de segurança;Colisão traseira;Com Vítimas Feridas;Plena Noite;Decrescente;Céu Claro;Simples;Reta;Sim;4;0;2;0;2;0;2;2;-18.91144262;-39.96240914
168638.0;2018-10-19;sexta-feira;06:32:00;262.0;3;CARIACICA;Animais na Pista;Atropelamento de Animal;Com Vítimas Feridas;Amanhecer;Crescente;Céu Claro;Múltipla;Reta;Sim;2;0;2;0;0;0;2;1;-20.33551272;-40.37651002
166701.0;2018-10-20;sábado;22:15:00;101.0;301.5;VIANA;Desobediência às normas de trânsito pelo condutor;Colisão transversal;Com Vítimas Feridas;Plena Noite;Decrescente;Nublado;Dupla;Retorno Regulamentado;Sim;2;0;1;0;1;0;1;2;-20.37001517;-40.44405676
166604.0;2018-10-20;sábado;15:30:00;262.0;125.6;CONCEICAO DO CASTELO;Desobediência às normas de trânsito pelo condutor;Colisão lateral;Com Vítimas Feridas;Pleno dia;Crescente;Nublado;Simples;Reta;Não;2;0;1;0;1;0;1;2;-20.2789;-41.2628
166704.0;2018-10-20;sábado;22:30:00;262.0;62;MARECHAL FLORIANO;Velocidade Incompatível;Capotamento;Com Vítimas Feridas;Plena Noite;Crescente;Nublado;Simples;Curva;Não;2;0;1;0;1;0;1;1;-20.4244;-40.7982
166536.0;2018-10-20;sábado;07:30:00;262.0;46.3;MARECHAL FLORIANO;Desobediência às normas de trânsito pelo condutor;Colisão transversal;Com Vítimas Feridas;Pleno dia;Decrescente;Céu Claro;Simples;Reta;Sim;3;0;1;1;1;0;2;2;-20.4081651;-40.67395627
166623.0;2018-10-20;sábado;16:45:00;262.0;120.1;CONCEICAO DO CASTELO;Defeito Mecânico no Veículo;Saída de leito carroçável;Sem Vítimas;Anoitecer;Decrescente;Nublado;Simples;Curva;Não;1;0;0;0;1;0;0;1;-20.2994;-41.2306
166690.0;2018-10-20;sábado;20:30:00;101.0;270.9;SERRA;Falta de Atenção à Condução;Capotamento;Sem Vítimas;Plena Noite;Decrescente;Nublado;Simples;Viaduto;Sim;1;0;0;0;0;1;0;1;-20.23264374;-40.27454317
174147.0;2018-10-20;sábado;23:20:00;101.0;148;LINHARES;Não guardar distância de segurança;Colisão lateral;Com Vítimas Feridas;Plena Noite;Decrescente;Nublado;Dupla;Reta;Sim;3;0;1;0;2;0;1;3;-19.39618297;-40.06416678
166564.0;2018-10-20;sábado;11:00:00;101.0;253.4;SERRA;Desobediência às normas de trânsito pelo condutor;Colisão transversal;Com Vítimas Feridas;Pleno dia;Decrescente;Nublado;Simples;Rotatória;Sim;2;0;1;0;1;0;1;2;-20.11704376;-40.31481922
166648.0;2018-10-20;sábado;18:50:00;101.0;201.4;JOAO NEIVA;Falta de Atenção do Pedestre;Atropelamento de Pedestre;Com Vítimas Fatais;Plena Noite;Crescente;Nublado;Simples;Reta;Não;6;1;1;0;4;0;1;1;-19.74182343;-40.36514282
166635.0;2018-10-20;sábado;18:00:00;393.0;3;CACHOEIRO DE ITAPEMIRIM;Ultrapassagem Indevida;Colisão frontal;Com Vítimas Feridas;Plena Noite;Crescente;Céu Claro;Simples;Reta;Não;9;0;0;9;0;0;9;2;-20.827583;-41.182526
166807.0;2018-10-21;domingo;14:15:00;101.0;298;VIANA;Velocidade Incompatível;Queda de ocupante de veículo;Com Vítimas Feridas;Pleno dia;Decrescente;Sol;Múltipla;Reta;Sim;2;0;1;0;0;1;1;1;-20.35549088;-40.41721255
166877.0;2018-10-21;domingo;21:20:00;101.0;295;CARIACICA;Falta de Atenção à Condução;Colisão lateral;Sem Vítimas;Plena Noite;Crescente;Céu Claro;Dupla;Reta;Sim;2;0;0;0;2;0;0;2;-20.33535176;-40.40183008
166858.0;2018-10-21;domingo;17:20:00;262.0;4;CARIACICA;Desobediência às normas de trânsito pelo condutor;Colisão lateral;Com Vítimas Feridas;Pleno dia;Crescente;Nublado;Simples;Rotatória;Não;3;0;1;0;2;0;1;2;-20.33537188;-40.37565172
166814.0;2018-10-21;domingo;15:00:00;101.0;219.5;IBIRACU;Falta de Atenção à Condução;Tombamento;Com Vítimas Feridas;Pleno dia;Crescente;Nublado;Simples;Reta;Sim;1;0;0;1;0;0;1;1;-19.86511561;-40.38833764
166891.0;2018-10-21;domingo;19:20:00;101.0;285;CARIACICA;Falta de Atenção à Condução;Colisão com objeto estático;Sem Vítimas;Plena Noite;Decrescente;Céu Claro;Dupla;Reta;Sim;1;0;0;0;1;0;0;1;-20.25193058;-40.37312508
166947.0;2018-10-22;segunda-feira;06:45:00;101.0;431.8;ATILIO VIVACQUA;Desobediência às normas de trânsito pelo condutor;Colisão frontal;Com Vítimas Feridas;Pleno dia;Crescente;Céu Claro;Simples;Reta;Não;3;0;1;1;1;0;2;2;-21.03099408;-41.18122101
167088.0;2018-10-22;segunda-feira;19:00:00;101.0;171;ARACRUZ;Animais na Pista;Queda de ocupante de veículo;Com Vítimas Feridas;Plena Noite;Decrescente;Chuva;Simples;Reta;Não;1;0;0;1;0;0;1;1;-19.55744467;-40.17319322
167043.0;2018-10-22;segunda-feira;15:00:00;101.0;269.5;SERRA;Desobediência às normas de trânsito pelo condutor;Colisão transversal;Com Vítimas Feridas;Pleno dia;Crescente;Nublado;Múltipla;Reta;Sim;2;0;1;0;0;1;1;2;-20.22179576;-40.27039435
166953.0;2018-10-22;segunda-feira;07:15:00;101.0;290.9;CARIACICA;Falta de Atenção à Condução;Colisão lateral;Com Vítimas Feridas;Pleno dia;Decrescente;Céu Claro;Dupla;Reta;Não;2;0;0;1;1;0;1;2;-20.31243302;-40.3950119
167013.0;2018-10-22;segunda-feira;12:10:00;101.0;147.5;LINHARES;Falta de Atenção à Condução;Engavetamento;Com Vítimas Feridas;Pleno dia;Decrescente;Céu Claro;Múltipla;Reta;Sim;5;0;1;0;4;0;1;4;-19.38726708;-40.06782532
166955.0;2018-10-22;segunda-feira;07:15:00;101.0;266.4;SERRA;Não guardar distância de segurança;Colisão lateral;Com Vítimas Feridas;Pleno dia;Crescente;Sol;Múltipla;Interseção de vias;Sim;3;0;0;1;2;0;1;3;-20.19393198;-40.26863694
167158.0;2018-10-23;terça-feira;06:00:00;101.0;262;SERRA;Animais na Pista;Tombamento;Com Vítimas Feridas;Pleno dia;Crescente;Céu Claro;Dupla;Reta;Sim;2;0;2;0;0;0;2;1;-20.15249117;-40.27899627
167209.0;2018-10-23;terça-feira;12:10:00;101.0;396.6;RIO NOVO DO SUL;Não guardar distância de segurança;Colisão transversal;Com Vítimas Feridas;Pleno dia;Decrescente;Céu Claro;Simples;Reta;Não;2;0;1;0;1;0;1;2;-20.87244609;-40.94733238
167194.0;2018-10-23;terça-feira;09:20:00;262.0;104.6;VENDA NOVA DO IMIGRANTE;Falta de Atenção à Condução;Atropelamento de Pedestre;Com Vítimas Feridas;Pleno dia;Crescente;Sol;Simples;Reta;Sim;3;0;1;1;1;0;2;1;-20.3312;-41.1303
167186.0;2018-10-23;terça-feira;10:00:00;101.0;46;SAO MATEUS;Defeito Mecânico no Veículo;Queda de ocupante de veículo;Com Vítimas Feridas;Pleno dia;Decrescente;Céu Claro;Simples;Reta;Não;1;0;1;0;0;0;1;1;-18.551435;-39.902843
167168.0;2018-10-23;terça-feira;07:30:00;262.0;3.8;CARIACICA;Falta de Atenção à Condução;Colisão lateral;Com Vítimas Feridas;Pleno dia;Crescente;Céu Claro;Múltipla;Interseção de vias;Sim;2;0;1;0;1;0;1;2;-20.3352914;-40.37685871
167147.0;2018-10-23;terça-feira;06:45:00;101.0;146;LINHARES;Falta de Atenção à Condução;Colisão traseira;Com Vítimas Feridas;Pleno dia;Decrescente;Céu Claro;Múltipla;Reta;Sim;1;0;1;0;0;0;1;1;-19.35941316;-40.06507874
167243.0;2018-10-23;terça-feira;17:00:00;101.0;269.6;SERRA;Falta de Atenção à Condução;Colisão transversal;Com Vítimas Feridas;Anoitecer;Decrescente;Nublado;Dupla;Reta;Sim;2;0;0;1;1;0;1;2;-20.22273766;-40.27027845
213451.0;2018-10-23;terça-feira;03:30:00;393.0;7;CACHOEIRO DE ITAPEMIRIM;Animais na Pista;Tombamento;Com Vítimas Feridas;Plena Noite;Decrescente;Ignorado;Simples;Curva;Não;1;0;1;0;0;0;1;1;-20.83382573;-41.22671127
167311.0;2018-10-24;quarta-feira;03:15:00;101.0;384.5;RIO NOVO DO SUL;Condutor Dormindo;Colisão frontal;Com Vítimas Fatais;Plena Noite;Crescente;Céu Claro;Simples;Curva;Não;3;1;0;0;2;0;0;3;-20.83371543;-40.86197913
167321.0;2018-10-24;quarta-feira;06:30:00;101.0;370.5;ANCHIETA;Falta de Atenção à Condução;Colisão transversal;Com Vítimas Feridas;Amanhecer;Decrescente;Céu Claro;Simples;Interseção de vias;Não;3;0;1;0;2;0;1;2;-20.77097129;-40.76337039