id;data_inversa;dia_semana;horario;br;km;municipio;causa_acidente;tipo_acidente;classificacao_acidente;fase_dia;sentido_via;condicao_metereologica;tipo_pista;tracado_via;uso_solo;pessoas;mortos;feridos_leves;feridos_graves;ilesos;ignorados;feridos;veiculos;latitude;longitude
170457.0;2018-11-09;sexta-feira;06:20:00;101.0;266.3;SERRA;Falta de Atenção à Condução;Colisão traseira;Com Vítimas Feridas;Pleno dia;Crescente;Chuva;Múltipla;Reta;Sim;2;0;2;0;0;0;2;2;-20.19342851;-40.2688086
170467.0;2018-11-09;sexta-feira;08:40:00;101.0;191;ARACRUZ;Fenômenos da Natureza;Saída de leito carroçável;Com Vítimas Feridas;Pleno dia;Decrescente;Chuva;Simples;Reta;Não;1;0;1;0;0;0;1;1;-19.68911202;-40.2870369
170507.0;2018-11-09;sexta-feira;12:25:00;262.0;2.5;CARIACICA;Ingestão de Álcool;Colisão traseira;Sem Vítimas;Pleno dia;Decrescente;Chuva;Dupla;Reta;Sim;2;0;0;0;2;0;0;2;-20.33126529;-40.36508705
170540.0;2018-11-09;sexta-feira;14:30:00;101.0;255.5;SERRA;Falta de Atenção à Condução;Colisão traseira;Com Vítimas Feridas;Pleno dia;Decrescente;Chuva;Simples;Reta;Sim;4;0;1;0;3;0;1;3;-20.11830304;-40.31260908
170699.0;2018-11-10;sábado;04:40:00;101.0;257.5;SERRA;Falta de Atenção à Condução;Colisão traseira;Sem Vítimas;Amanhecer;Crescente;Nublado;Dupla;Reta;Sim;2;0;0;0;2;0;0;2;-20.12802436;-40.29961109
170883.0;2018-11-10;sábado;20:25:00;262.0;22;VIANA;Não guardar distância de segurança;Colisão lateral;Sem Vítimas;Plena Noite;Decrescente;Nublado;Simples;Reta;Não;2;0;0;0;1;1;0;2;-20.37597436;-40.51250607
170822.0;2018-11-10;sábado;16:30:00;262.0;166.6;IBATIBA;Desobediência às normas de trânsito pelo condutor;Colisão lateral;Com Vítimas Feridas;Pleno dia;Decrescente;Nublado;Simples;Interseção de vias;Não;4;0;2;0;2;0;2;2;-20.2518;-41.5639
170858.0;2018-11-10;sábado;18:15:00;101.0;146;LINHARES;Não guardar distância de segurança;Colisão traseira;Com Vítimas Feridas;Anoitecer;Crescente;Chuva;Simples;Reta;Sim;1;0;0;1;0;0;1;1;-19.36761861;-40.06506825
170826.0;2018-11-10;sábado;16:00:00;262.0;6.4;CARIACICA;Desobediência às normas de trânsito pelo condutor;Colisão lateral;Sem Vítimas;Pleno dia;Decrescente;Garoa/Chuvisco;Múltipla;Retorno Regulamentado;Sim;3;0;0;0;2;1;0;3;-20.34173798;-40.39708436
170838.0;2018-11-10;sábado;17:55:00;101.0;191.3;ARACRUZ;Falta de Atenção à Condução;Capotamento;Com Vítimas Feridas;Pleno dia;Decrescente;Nublado;Simples;Curva;Não;2;0;1;1;0;0;2;1;-19.68502083;-40.27482748
170830.0;2018-11-10;sábado;16:45:00;101.0;272;SERRA;Pista Escorregadia;Colisão com objeto estático;Com Vítimas Feridas;Pleno dia;Decrescente;Chuva;Múltipla;Reta;Não;1;0;0;1;0;0;1;1;-20.22313533;-40.28837347
171127.0;2018-11-11;domingo;22:40:00;101.0;147;LINHARES;Falta de Atenção à Condução;Colisão lateral;Com Vítimas Feridas;Plena Noite;Crescente;Céu Claro;Dupla;Interseção de vias;Sim;2;0;1;0;1;0;1;2;-19.38148313;-40.06685704
170939.0;2018-11-11;domingo;01:20:00;262.0;159.9;IBATIBA;Falta de Atenção à Condução;Colisão com objeto estático;Com Vítimas Feridas;Plena Noite;Decrescente;Nublado;Simples;Reta;Sim;1;0;1;0;0;0;1;1;-20.2373;-41.5112
171001.0;2018-11-11;domingo;10:00:00;101.0;307.1;VIANA;Não guardar distância de segurança;Tombamento;Com Vítimas Feridas;Pleno dia;Decrescente;Céu Claro;Simples;Reta;Não;1;0;1;0;0;0;1;1;-20.4011095;-40.4555148
171055.0;2018-11-11;domingo;16:15:00;101.0;67.6;SAO MATEUS;Desobediência às normas de trânsito pelo condutor;Colisão lateral;Com Vítimas Feridas;Pleno dia;Decrescente;Sol;Múltipla;Reta;Sim;3;0;2;0;1;0;2;2;-18.720545;-39.865883
171104.0;2018-11-11;domingo;18:15:00;101.0;2.5;PEDRO CANARIO;Velocidade Incompatível;Saída de leito carroçável;Com Vítimas Feridas;Anoitecer;Decrescente;Chuva;Simples;Curva;Não;3;0;3;0;0;0;3;1;-18.193295;-39.923206
171122.0;2018-11-11;domingo;21:40:00;262.0;48;MARECHAL FLORIANO;Defeito na Via;Saída de leito carroçável;Com Vítimas Feridas;Plena Noite;Decrescente;Garoa/Chuvisco;Simples;Reta;Não;2;0;2;0;0;0;2;1;-20.412;-40.6878
171141.0;2018-11-11;domingo;23:00:00;101.0;143;LINHARES;Defeito Mecânico no Veículo;Danos eventuais;Sem Vítimas;Pleno dia;Crescente;Nublado;Simples;Reta;Sim;1;0;0;0;1;0;0;1;-19.3455654;-40.06379128
193712.0;2018-11-12;segunda-feira;23:30:00;101.0;3.7;PEDRO CANARIO;Velocidade Incompatível;Tombamento;Com Vítimas Fatais;Plena Noite;Crescente;Nublado;Simples;Não Informado;Não;1;1;0;0;0;0;0;1;-18.200079;-39.92942
171170.0;2018-11-12;segunda-feira;03:00:00;101.0;435;MIMOSO DO SUL;Condutor Dormindo;Tombamento;Sem Vítimas;Plena Noite;Crescente;Céu Claro;Simples;Curva;Não;1;0;0;0;1;0;0;1;-21.05790968;-41.19907379
171224.0;2018-11-12;segunda-feira;11:10:00;101.0;289;CARIACICA;Falta de Atenção à Condução;Colisão lateral;Com Vítimas Feridas;Pleno dia;Crescente;Céu Claro;Dupla;Reta;Não;3;0;2;0;1;0;2;2;-20.30341752;-40.40771484
171184.0;2018-11-12;segunda-feira;07:45:00;101.0;268.5;SERRA;Desobediência às normas de trânsito pelo pedestre;Atropelamento de Pedestre;Com Vítimas Fatais;Pleno dia;Crescente;Nublado;Múltipla;Reta;Sim;3;1;0;0;1;1;0;1;-20.21279526;-40.26994705
171970.0;2018-11-12;segunda-feira;20:20:00;262.0;49;MARECHAL FLORIANO;Falta de Atenção à Condução;Atropelamento de Pedestre;Com Vítimas Feridas;Plena Noite;Decrescente;Chuva;Simples;Reta;Não;2;0;0;1;0;1;1;1;-20.41233301;-40.68611205
171381.0;2018-11-12;segunda-feira;22:10:00;262.0;30.1;DOMINGOS MARTINS;Velocidade Incompatível;Capotamento;Com Vítimas Feridas;Plena Noite;Decrescente;Céu Claro;Simples;Curva;Não;5;0;5;0;0;0;5;1;-20.3737;-40.5624
171480.0;2018-11-12;segunda-feira;18:45:00;101.0;376.5;ICONHA;Falta de Atenção do Pedestre;Atropelamento de Pedestre;Com Vítimas Feridas;Plena Noite;Decrescente;Nublado;Simples;Reta;Sim;2;0;2;0;0;0;2;1;-20.7897752;-40.80275595
171159.0;2018-11-12;segunda-feira;02:10:00;101.0;72.7;SAO MATEUS;Falta de Atenção à Condução;Saída de leito carroçável;Com Vítimas Feridas;Plena Noite;Crescente;Chuva;Simples;Reta;Não;1;0;0;1;0;0;1;1;-18.720545;-39.865883
172190.0;2018-11-13;terça-feira;06:54:00;101.0;164;LINHARES;Falta de Atenção à Condução;Saída de leito carroçável;Com Vítimas Feridas;Pleno dia;Crescente;Céu Claro;Simples;Reta;Não;1;0;1;0;0;0;1;1;-19.49239018;-40.12777805
171942.0;2018-11-13;terça-feira;05:45:00;101.0;265.7;SERRA;Velocidade Incompatível;Atropelamento de Pedestre;Com Vítimas Feridas;Amanhecer;Crescente;Chuva;Dupla;Reta;Sim;2;0;1;1;0;0;2;1;-20.18830312;-40.26851088
171317.0;2018-11-13;terça-feira;07:40:00;101.0;267.5;SERRA;Desobediência às normas de trânsito pelo condutor;Colisão lateral;Com Vítimas Feridas;Pleno dia;Crescente;Céu Claro;Dupla;Reta;Sim;2;0;1;0;1;0;1;2;-20.20638724;-40.26943624
171321.0;2018-11-13;terça-feira;12:45:00;101.0;151.6;LINHARES;Objeto estático sobre o leito carroçável;Queda de ocupante de veículo;Com Vítimas Feridas;Pleno dia;Crescente;Céu Claro;Simples;Reta;Não;1;0;1;0;0;0;1;1;-19.41742329;-40.06830812
171333.0;2018-11-13;terça-feira;08:15:00;101.0;146.7;LINHARES;Desobediência às normas de trânsito pelo condutor;Colisão transversal;Com Vítimas Feridas;Pleno dia;Crescente;Céu Claro;Múltipla;Interseção de vias;Sim;2;0;1;0;1;0;1;2;-19.37535704;-40.06640375
171366.0;2018-11-13;terça-feira;16:10:00;101.0;68.3;SAO MATEUS;Falta de Atenção à Condução;Colisão traseira;Com Vítimas Feridas;Pleno dia;Decrescente;Sol;Simples;Rotatória;Sim;2;0;1;0;1;0;1;2;-18.720545;-39.865883
171409.0;2018-11-13;terça-feira;21:00:00;101.0;286.9;CARIACICA;Falta de Atenção à Condução;Queda de ocupante de veículo;Com Vítimas Feridas;Plena Noite;Decrescente;Chuva;Dupla;Reta;Sim;2;0;1;1;0;0;2;1;-20.26476584;-40.38437426
171433.0;2018-11-14;quarta-feira;00:20:00;101.0;287.1;CARIACICA;Velocidade Incompatível;Saída de leito carroçável;Com Vítimas Feridas;Plena Noite;Crescente;Chuva;Simples;Curva;Sim;3;0;0;2;0;1;2;1;-20.26635203;-40.38705647
171464.0;2018-11-14;quarta-feira;06:25:00;262.0;6.5;CARIACICA;Defeito na Via;Queda de ocupante de veículo;Com Vítimas Feridas;Pleno dia;Crescente;Céu Claro;Dupla;Não Informado;Sim;1;0;1;0;0;0;1;1;-20.34213215;-40.39930344
171471.0;2018-11-14;quarta-feira;08:30:00;101.0;93;SAO MATEUS;Falta de Atenção à Condução;Colisão lateral;Com Vítimas Feridas;Pleno dia;Crescente;Garoa/Chuvisco;Simples;Reta;Não;3;0;1;0;2;0;1;2;-18.86822097;-39.94199753
171555.0;2018-11-14;quarta-feira;16:50:00;262.0;170;IBATIBA;Falta de Atenção à Condução;Colisão transversal;Com Vítimas Feridas;Pleno dia;Crescente;Sol;Simples;Curva;Não;2;0;1;0;1;0;1;2;-20.26485424;-41.59140587
171547.0;2018-11-14;quarta-feira;16:00:00;262.0;4.1;CARIACICA;Falta de Atenção à Condução;Colisão transversal;Com Vítimas Feridas;Pleno dia;Decrescente;Céu Claro;Múltipla;Reta;Sim;3;0;0;2;0;1;2;2;-20.3374;-40.3859
171533.0;2018-11-14;quarta-feira;14:30:00;262.0;52;MARECHAL FLORIANO;Falta de Atenção à Condução;Colisão traseira;Com Vítimas Feridas;Pleno dia;Crescente;Sol;Simples;Reta;Não;6;0;1;0;4;1;1;4;-20.41409265;-40.72705328
171545.0;2018-11-14;quarta-feira;15:30:00;101.0;314;VILA VELHA;Carga excessiva e/ou mal acondicionada;Tombamento;Com Vítimas Feridas;Pleno dia;Crescente;Céu Claro;Simples;Não Informado;Não;1;0;1;0;0;0;1;1;-20.4639096;-40.4656122
171865.0;2018-11-15;quinta-feira;22:20:00;262.0;100.1;VENDA NOVA DO IMIGRANTE;Falta de Atenção à Condução;Colisão lateral;Com Vítimas Feridas;Plena Noite;Crescente;Nublado;Simples;Reta;Não;2;0;0;1;1;0;1;2;-20.3488;-41.1028
171827.0;2018-11-15;quinta-feira;20:00:00;101.0;219.5;IBIRACU;Desobediência às normas de trânsito pelo condutor;Atropelamento de Pedestre;Com Vítimas Feridas;Plena Noite;Crescente;Céu Claro;Dupla;Desvio Temporário;Não;3;0;2;1;0;0;3;1;-19.8655227;-40.3868514
171677.0;2018-11-15;quinta-feira;03:25:00;101.0;301.5;VIANA;Desobediência às normas de trânsito pelo condutor;Colisão transversal;Com Vítimas Feridas;Plena Noite;Crescente;Nublado;Múltipla;Retorno Regulamentado;Sim;6;0;2;2;2;0;4;2;-20.36542275;-40.44360548
171678.0;2018-11-15;quinta-feira;03:50:00;101.0;285;CARIACICA;Desobediência às normas de trânsito pelo condutor;Colisão transversal;Com Vítimas Feridas;Plena Noite;Crescente;Céu Claro;Simples;Retorno Regulamentado;Sim;3;0;0;1;1;1;1;2;-20.25199097;-40.37337184
171679.0;2018-11-15;quinta-feira;03:50:00;101.0;219;IBIRACU;Defeito Mecânico no Veículo;Tombamento;Com Vítimas Feridas;Plena Noite;Crescente;Nublado;Dupla;Curva;Não;2;0;0;2;0;0;2;1;-19.86537796;-40.38408995
171691.0;2018-11-15;quinta-feira;05:30:00;101.0;218;IBIRACU;Ingestão de Álcool;Colisão com objeto estático;Sem Vítimas;Amanhecer;Crescente;Céu Claro;Dupla;Curva;Não;1;0;0;0;1;0;0;1;-19.85787494;-40.38278222
171735.0;2018-11-15;quinta-feira;11:00:00;262.0;19;VIANA;Condutor Dormindo;Colisão frontal;Com Vítimas Feridas;Pleno dia;Crescente;Céu Claro;Simples;Reta;Não;5;0;4;0;1;0;4;2;-20.3932;-40.4863
171758.0;2018-11-15;quinta-feira;10:25:00;262.0;94;DOMINGOS MARTINS;Defeito na Via;Tombamento;Com Vítimas Feridas;Pleno dia;Crescente;Nublado;Simples;Retorno Regulamentado;Não;1;0;1;0;0;0;1;1;-20.37364603;-41.05844021
171776.0;2018-11-15;quinta-feira;14:15:00;101.0;319.3;VILA VELHA;Defeito Mecânico no Veículo;Colisão com objeto estático;Sem Vítimas;Pleno dia;Crescente;Céu Claro;Simples;Reta;Não;1;0;0;0;1;0;0;1;-20.5043452;-40.4747818
172086.0;2018-11-16;sexta-feira;23:10:00;101.0;255.4;SERRA;Ingestão de Álcool;Colisão transversal;Com Vítimas Feridas;Plena Noite;Decrescente;Ignorado;Simples;Interseção de vias;Sim;4;0;2;0;2;0;2;2;-20.1173172;-40.31483841
172027.0;2018-11-16;sexta-feira;17:40:00;101.0;234.6;FUNDAO;Pista Escorregadia;Queda de ocupante de veículo;Com Vítimas Feridas;Pleno dia;Crescente;Céu Claro;Simples;Curva;Não;1;0;0;1;0;0;1;1;-19.98915894;-40.4136157
172024.0;2018-11-16;sexta-feira;17:25:00;101.0;125;SOORETAMA;Não guardar distância de segurança;Colisão traseira;Com Vítimas Feridas;Pleno dia;Crescente;Céu Claro;Múltipla;Reta;Sim;2;0;2;0;0;0;2;1;-19.18939329;-40.09487808
171951.0;2018-11-16;sexta-feira;10:30:00;262.0;58;MARECHAL FLORIANO;Desobediência às normas de trânsito pelo condutor;Colisão frontal;Com Vítimas Feridas;Pleno dia;Crescente;Nublado;Simples;Curva;Não;2;0;1;0;1;0;1;2;-20.4208;-40.7682
171893.0;2018-11-16;sexta-feira;04:50:00;101.0;235;FUNDAO;Condutor Dormindo;Colisão frontal;Com Vítimas Feridas;Amanhecer;Decrescente;Céu Claro;Simples;Curva;Não;3;0;0;3;0;0;3;2;-19.97657548;-40.40689945
171881.0;2018-11-16;sexta-feira;01:00:00;101.0;355.8;ANCHIETA;Ingestão de álcool e/ou substâncias psicoativas pelo pedestre;Tombamento;Com Vítimas Fatais;Plena Noite;Crescente;Nublado;Simples;Reta;Não;1;1;0;0;0;0;0;1;-20.6925901;-40.6846399
174079.0;2018-11-16;sexta-feira;06:30:00;262.0;149;IBATIBA;Falta de Atenção à Condução;Colisão traseira;Com Vítimas Feridas;Amanhecer;Decrescente;Nublado;Simples;Reta;Não;3;0;2;0;1;0;2;2;-20.2182494;-41.44198202
172233.0;2018-11-17;sábado;20:00:00;101.0;298.8;VIANA;Desobediência às normas de trânsito pelo condutor;Colisão transversal;Com Vítimas Feridas;Plena Noite;Crescente;Céu Claro;Dupla;Reta;Sim;2;0;1;0;0;1;1;2;-20.35829543;-40.42226851
172179.0;2018-11-17;sábado;15:20:00;101.0;229.1;FUNDAO;Falta de Atenção à Condução;Colisão frontal;Com Vítimas Feridas;Pleno dia;Decrescente;Chuva;Simples;Curva;Sim;2;0;0;1;1;0;1;2;-19.9298526;-40.40622354
172142.0;2018-11-17;sábado;10:00:00;101.0;298.2;VIANA;Desobediência às normas de trânsito pelo condutor;Colisão lateral;Com Vítimas Feridas;Pleno dia;Decrescente;Céu Claro;Dupla;Não Informado;Sim;2;0;0;1;1;0;1;2;-20.35544059;-40.41709721
172214.0;2018-11-17;sábado;17:15:00;262.0;110;VENDA NOVA DO IMIGRANTE;Ingestão de Álcool;Colisão transversal;Sem Vítimas;Pleno dia;Crescente;Nublado;Simples;Reta;Não;2;0;0;0;2;0;0;2;-20.3365;-41.1839
172121.0;2018-11-17;sábado;07:00:00;101.0;262.7;SERRA;Defeito Mecânico no Veículo;Colisão traseira;Com Vítimas Feridas;Pleno dia;Crescente;Céu Claro;Simples;Reta;Sim;2;0;1;0;1;0;1;2;-20.1852419;-40.26745141
172120.0;2018-11-17;sábado;06:10:00;259.0;50;COLATINA;Carga excessiva e/ou mal acondicionada;Tombamento;Com Vítimas Feridas;Pleno dia;Crescente;Céu Claro;Simples;Curva;Sim;1;0;0;1;0;0;1;1;-19.50880241;-40.60606765
172137.0;2018-11-17;sábado;09:55:00;101.0;160;LINHARES;Falta de Atenção do Pedestre;Atropelamento de Pedestre;Com Vítimas Feridas;Pleno dia;Crescente;Sol;Simples;Reta;Sim;2;0;0;1;1;0;1;1;-19.46764964;-40.10902405
172369.0;2018-11-18;domingo;11:30:00;101.0;264.5;SERRA;Falta de Atenção à Condução;Colisão lateral;Com Vítimas Feridas;Pleno dia;Decrescente;Nublado;Dupla;Interseção de vias;Sim;2;0;1;0;1;0;1;2;-20.178162;-40.265369
172377.0;2018-11-18;domingo;12:40:00;101.0;289.6;CARIACICA;Pista Escorregadia;Colisão com objeto estático;Com Vítimas Feridas;Pleno dia;Crescente;Chuva;Dupla;Não Informado;Não;1;0;1;0;0;0;1;1;-20.28054705;-40.39327383
172365.0;2018-11-18;domingo;10:20:00;101.0;177;ARACRUZ;Avarias e/ou desgaste excessivo no pneu;Capotamento;Sem Vítimas;Pleno dia;Crescente;Chuva;Simples;Curva;Sim;1;0;0;0;1;0;0;1;-19.63579717;-40.22987366
172312.0;2018-11-18;domingo;04:25:00;101.0;22;PINHEIROS;Desobediência às normas de trânsito pelo condutor;Colisão frontal;Com Vítimas Fatais;Amanhecer;Crescente;Chuva;Simples;Reta;Não;4;1;0;2;1;0;2;2;-18.46670127;-39.92860978
172413.0;2018-11-18;domingo;15:00:00;262.0;2.4;CARIACICA;Condutor Dormindo;Saída de leito carroçável;Com Vítimas Feridas;Pleno dia;Crescente;Céu Claro;Dupla;Reta;Sim;2;0;0;2;0;0;2;1;-20.33217087;-40.367015
172553.0;2018-11-18;domingo;23:30:00;262.0;5.7;CARIACICA;Desobediência às normas de trânsito pelo condutor;Colisão transversal;Sem Vítimas;Plena Noite;Decrescente;Nublado;Múltipla;Interseção de vias;Sim;2;0;0;0;2;0;0;2;-20.33849552;-40.39223045
172637.0;2018-11-19;segunda-feira;10:15:00;101.0;329.1;GUARAPARI;Falta de Atenção à Condução;Capotamento;Com Vítimas Feridas;Pleno dia;Crescente;Céu Claro;Simples;Reta;Não;2;0;2;0;0;0;2;1;-20.58642947;-40.49775124
172681.0;2018-11-19;segunda-feira;17:20:00;262.0;7;CARIACICA;Falta de Atenção do Pedestre;Atropelamento de Pedestre;Com Vítimas Feridas;Anoitecer;Decrescente;Nublado;Múltipla;Reta;Sim;3;0;0;1;2;0;1;1;-20.34186557;-40.3976807
172668.0;2018-11-19;segunda-feira;16:15:00;262.0;4.7;CARIACICA;Falta de Atenção à Condução;Queda de ocupante de veículo;Com Vítimas Feridas;Pleno dia;Decrescente;Nublado;Dupla;Reta;Sim;1;0;1;0;0;0;1;1;-20.33786678;-40.38599968
172646.0;2018-11-19;segunda-feira;14:00:00;101.0;273;SERRA;Desobediência às normas de trânsito pelo pedestre;Atropelamento de Pedestre;Com Vítimas Feridas;Pleno dia;Decrescente;Céu Claro;Dupla;Reta;Não;2;0;0;1;1;0;1;2;-20.22028118;-40.29054154
172645.0;2018-11-19;segunda-feira;14:00:00;101.0;238.4;FUNDAO;Desobediência às normas de trânsito pelo condutor;Colisão lateral;Com Vítimas Feridas;Pleno dia;Crescente;Céu Claro;Simples;Curva;Não;2;0;1;0;1;0;1;2;-20.00631953;-40.41213542
172578.0;2018-11-19;segunda-feira;07:00:00;101.0;150.7;LINHARES;Não guardar distância de segurança;Colisão traseira;Com Vítimas Feridas;Pleno dia;Crescente;Céu Claro;Múltipla;Não Informado;Sim;3;0;1;0;2;0;1;3;-19.4070514;-40.06402731
172581.0;2018-11-19;segunda-feira;07:30:00;262.0;165.4;IBATIBA;Desobediência às normas de trânsito pelo condutor;Tombamento;Com Vítimas Feridas;Pleno dia;Decrescente;Céu Claro;Simples;Curva;Não;1;0;1;0;0;0;1;1;-20.24834719;-41.54909134
172904.0;2018-11-20;terça-feira;20:15:00;259.0;59.2;COLATINA;Falta de Atenção à Condução;Colisão transversal;Com Vítimas Feridas;Plena Noite;Crescente;Nublado;Simples;Não Informado;Não;2;0;0;1;1;0;1;2;-19.521255;-40.665943
172835.0;2018-11-20;terça-feira;14:15:00;262.0;162.5;IBATIBA;Falta de Atenção à Condução;Engavetamento;Com Vítimas Feridas;Pleno dia;Crescente;Chuva;Simples;Curva;Não;4;0;1;0;3;0;1;3;-20.23845219;-41.5366137
172772.0;2018-11-20;terça-feira;07:30:00;262.0;1.2;CARIACICA;Falta de Atenção à Condução;Colisão transversal;Com Vítimas Feridas;Amanhecer;Crescente;Nublado;Múltipla;Reta;Sim;3;0;1;0;2;0;1;2;-20.3326;-40.3608
172762.0;2018-11-20;terça-feira;06:00:00;101.0;363;ANCHIETA;Desobediência às normas de trânsito pelo condutor;Colisão frontal;Com Vítimas Feridas;Pleno dia;Crescente;Nublado;Simples;Reta;Não;7;0;4;1;2;0;5;3;-20.71710246;-40.73125362
172749.0;2018-11-20;terça-feira;00:10:00;101.0;339.8;GUARAPARI;Velocidade Incompatível;Saída de leito carroçável;Com Vítimas Feridas;Plena Noite;Crescente;Chuva;Simples;Não Informado;Não;2;0;2;0;0;0;2;1;-20.6457472;-40.5648823
172912.0;2018-11-20;terça-feira;21:00:00;101.0;377;ICONHA;Ingestão de Álcool;Colisão transversal;Sem Vítimas;Plena Noite;Crescente;Chuva;Simples;Reta;Sim;2;0;0;0;2;0;0;2;-20.79297884;-40.80887139
172913.0;2018-11-20;terça-feira;21:00:00;101.0;67.7;SAO MATEUS;Desobediência às normas de trânsito pelo condutor;Colisão transversal;Com Vítimas Feridas;Plena Noite;Crescente;Nublado;Múltipla;Interseção de vias;Sim;3;0;3;0;0;0;3;2;-18.7238932;-39.86019015
173092.0;2018-11-21;quarta-feira;21:30:00;101.0;147;LINHARES;Falta de Atenção à Condução;Colisão transversal;Com Vítimas Feridas;Plena Noite;Crescente;Céu Claro;Múltipla;Interseção de vias;Sim;2;0;1;0;1;0;1;2;-19.37717328;-40.06513596
184746.0;2018-11-21;quarta-feira;16:20:00;101.0;266.5;SERRA;Falta de Atenção à Condução;Colisão traseira;Com Vítimas Feridas;Pleno dia;Crescente;Sol;Múltipla;Reta;Sim;3;0;1;0;2;0;1;2;-20.19713493;-40.26884448
173084.0;2018-11-21;quarta-feira;21:10:00;262.0;81.7;DOMINGOS MARTINS;Pista Escorregadia;Colisão traseira;Com Vítimas Feridas;Plena Noite;Crescente;Chuva;Simples;Curva;Não;4;0;0;2;2;0;2;2;-20.4075844;-40.95407867
173051.0;2018-11-21;quarta-feira;17:20:00;262.0;6.4;CARIACICA;Desobediência às normas de trânsito pelo condutor;Colisão lateral;Com Vítimas Feridas;Pleno dia;Decrescente;Nublado;Dupla;Curva;Sim;2;0;1;0;1;0;1;2;-20.3404;-40.395
173222.0;2018-11-22;quinta-feira;17:50:00;101.0;191;ARACRUZ;Pista Escorregadia;Colisão traseira;Com Vítimas Feridas;Anoitecer;Crescente;Chuva;Simples;Curva;Não;5;0;4;0;1;0;4;2;-19.69351153;-40.292902
173229.0;2018-11-22;quinta-feira;18:00:00;101.0;264.5;SERRA;Falta de Atenção à Condução;Colisão traseira;Com Vítimas Feridas;Pleno dia;Decrescente;Chuva;Múltipla;Reta;Sim;2;0;1;0;1;0;1;2;-20.18852237;-40.26804241
173484.0;2018-11-23;sexta-feira;21:35:00;101.0;293.5;CARIACICA;Desobediência às normas de trânsito pelo condutor;Colisão frontal;Com Vítimas Feridas;Plena Noite;Crescente;Céu Claro;Dupla;Curva;Não;3;0;0;2;1;0;2;2;-20.32287854;-40.39514802
173475.0;2018-11-23;sexta-feira;20:39:00;101.0;377;ICONHA;Falta de Atenção à Condução;Atropelamento de Pedestre;Com Vítimas Feridas;Plena Noite;Crescente;Céu Claro;Simples;Curva;Sim;2;0;1;1;0;0;2;1;-20.79268569;-40.80837878
173407.0;2018-11-23;sexta-feira;16:00:00;262.0;115.7;CONCEICAO DO CASTELO;Falta de Atenção à Condução;Colisão transversal;Com Vítimas Feridas;Pleno dia;Decrescente;Céu Claro;Simples;Interseção de vias;Não;4;0;2;0;2;0;2;2;-20.3205;-41.2189
173360.0;2018-11-23;sexta-feira;12:58:00;101.0;266.2;SERRA;Desobediência às normas de trânsito pelo condutor;Colisão transversal;Com Vítimas Feridas;Pleno dia;Crescente;Céu Claro;Múltipla;Interseção de vias;Sim;3;0;0;1;1;1;1;2;-20.19371596;-40.26867097
173355.0;2018-11-23;sexta-feira;11:55:00;101.0;294.7;CARIACICA;Falta de Atenção à Condução;Colisão traseira;Com Vítimas Feridas;Pleno dia;Crescente;Sol;Dupla;Reta;Sim;2;0;0;1;1;0;1;2;-20.33024111;-40.39913177
173337.0;2018-11-23;sexta-feira;09:32:00;262.0;56;MARECHAL FLORIANO;Desobediência às normas de trânsito pelo condutor;Colisão transversal;Com Vítimas Feridas;Pleno dia;Crescente;Nublado;Simples;Retorno Regulamentado;Sim;6;0;1;3;0;2;4;3;-20.4109;-40.7541
173659.0;2018-11-24;sábado;13:50:00;262.0;168.1;IBATIBA;Ingestão de álcool e/ou substâncias psicoativas pelo pedestre;Atropelamento de Pedestre;Com Vítimas Feridas;Pleno dia;Decrescente;Nublado;Simples;Reta;Não;2;0;0;1;1;0;1;1;-20.265;-41.5732
173560.0;2018-11-24;sábado;08:14:00;262.0;6.5;CARIACICA;Não guardar distância de segurança;Colisão traseira;Com Vítimas Feridas;Pleno dia;Crescente;Céu Claro;Múltipla;Reta;Sim;4;0;0;1;3;0;1;3;-20.3404;-40.395
173672.0;2018-11-24;sábado;16:10:00;101.0;270.8;SERRA;Falta de Atenção à Condução;Colisão com objeto estático;Com Vítimas Feridas;Pleno dia;Decrescente;Céu Claro;Simples;Não Informado;Sim;2;0;2;0;0;0;2;1;-20.23289084;-40.2748186
173609.0;2018-11-24;sábado;09:35:00;101.0;146.7;LINHARES;Não guardar distância de segurança;Colisão traseira;Com Vítimas Feridas;Pleno dia;Decrescente;Nublado;Múltipla;Reta;Não;2;0;1;0;1;0;1;2;-19.37508157;-40.06589413
173898.0;2018-11-25;domingo;14:50:00;101.0;262;SERRA;Falta de Atenção à Condução;Colisão lateral;Com Vítimas Feridas;Pleno dia;Crescente;Nublado;Múltipla;Reta;Sim;2;0;1;0;1;0;1;2;-20.15832276;-40.27617931
173983.0;2018-11-25;domingo;20:00:00;101.0;368;ANCHIETA;Falta de Atenção à Condução;Tombamento;Com Vítimas Feridas;Plena Noite;Crescente;Céu Claro;Simples;Reta;Não;1;0;1;0;0;0;1;1;-20.75887373;-40.75685631